13:43:05,464 GUI INFO Scope daemon started
13:43:05,465 GUI INFO Fluidics daemon not implemented yet
13:43:06,781 GUI INFO GUI: Starting experiment creation...
13:43:06,791 GUI INFO GUI: Experiment creation started - use experimental setup panel to continue
13:43:08,11 GUI INFO Experiment info saved: New_Experiment by User for project New_Project
13:43:08,25 GUI INFO Attempting to get available plate configs...
13:43:08,25 GUI INFO Found available configs: ['example', 'example_6']
13:43:09,912 GUI INFO Positions GUI: Configuration type changed to: 'example_6'
13:43:09,912 GUI INFO Positions GUI: Loading plate config for: example_6
13:43:09,913 GUI INFO Positions GUI: Looking for config file: C:\GitRepos\pyScope\Plates\example_6.json
13:43:09,913 GUI INFO Positions GUI: Loaded plate config with 4 wells
13:43:09,914 GUI INFO Positions GUI: Successfully loaded 4 wells from example_6
13:43:12,46 GUI INFO Positions GUI: Configuration type changed to: 'example'
13:43:12,47 GUI INFO Positions GUI: Loading plate config for: example
13:43:12,48 GUI INFO Positions GUI: Looking for config file: C:\GitRepos\pyScope\Plates\example.json
13:43:12,48 GUI INFO Positions GUI: Loaded plate config with 2 wells
13:43:12,49 GUI INFO Positions GUI: Successfully loaded 2 wells from example
13:43:12,741 GUI INFO Positions GUI: Create positions button clicked
13:43:12,742 GUI INFO Positions GUI: Selected configuration type: example
13:43:12,902 GUI INFO Positions created successfully: 50 positions
13:43:15,716 GUI INFO Filtered positions: 50 -> 50 (removed 0 positions from wells without groups)
13:43:15,729 GUI INFO Group assignments: {'circle_well_example': 'Group 1', 'rectangle_well_example': 'Group 2'}
13:43:15,729 GUI INFO Fluidics well assignments: {'circle_well_example': 'A', 'rectangle_well_example': 'B'}
13:43:15,730 GUI INFO Selected channels: ['FarRed', 'DeepBlue', 'Green', 'Orange']
13:43:15,730 GUI INFO Channel exposure: {'FarRed': 500, 'DeepBlue': 500, 'Green': 500, 'Orange': 500}
13:43:15,731 GUI INFO Fluidics protocols: ['hybe', 'strip']
13:43:15,731 GUI INFO Number of hybes: 18
13:43:15,731 GUI INFO Configuration saved successfully!
13:43:15,831 GUI INFO Experiment setup completed successfully!
13:51:10,114 GUI WARNING Test warning message from GUI
13:51:48,394 GUI INFO Scope daemon started
13:51:48,394 GUI INFO Fluidics daemon not implemented yet
13:52:02,938 GUI INFO GUI: Starting experiment creation...
13:52:02,952 GUI INFO GUI: Experiment creation started - use experimental setup panel to continue
13:52:04,195 GUI INFO GUI: Resetting experiment...
13:52:04,204 GUI INFO Removed file: Experiment_state.json
13:52:04,205 GUI INFO Removed file: Positions.csv
13:52:04,206 GUI INFO Removed file: Experiment_tasks.csv
13:52:04,206 GUI INFO Removed file: Experiment_status.txt
13:52:04,207 GUI INFO Removed file: Scope_tasks.csv
13:52:04,207 GUI INFO Removed file: Scope_task_idx.txt
13:52:04,208 GUI INFO Removed file: Scope_status.txt
13:52:04,208 GUI INFO Removed file: Fluidics_tasks.csv
13:52:04,209 GUI INFO Removed file: Fluidics_task_idx.txt
13:52:04,209 GUI INFO Removed file: Fluidics_status.txt
13:52:04,212 GUI INFO All system files cleared and status reset to Idle
13:52:04,225 GUI INFO System variables cleared successfully
13:52:04,231 GUI INFO GUI reset to startup state
13:52:04,232 GUI INFO GUI: Experiment reset completed successfully
13:52:05,727 GUI INFO GUI: Starting experiment creation...
13:52:05,736 GUI INFO GUI: Experiment creation started - use experimental setup panel to continue
13:52:07,378 GUI INFO Experiment info saved: New_Experiment by User for project New_Project
13:52:07,409 GUI INFO Attempting to get available plate configs...
13:52:07,410 GUI INFO Found available configs: ['example', 'example_6']
13:52:09,648 GUI INFO Positions GUI: Configuration type changed to: 'example'
13:52:09,649 GUI INFO Positions GUI: Loading plate config for: example
13:52:09,649 GUI INFO Positions GUI: Looking for config file: C:\GitRepos\pyScope\Plates\example.json
13:52:09,650 GUI INFO Positions GUI: Loaded plate config with 2 wells
13:52:09,651 GUI INFO Positions GUI: Successfully loaded 2 wells from example
13:52:10,791 GUI INFO Positions GUI: Create positions button clicked
13:52:10,792 GUI INFO Positions GUI: Selected configuration type: example
13:52:10,915 GUI INFO Positions created successfully: 50 positions
13:52:18,538 GUI INFO Filtered positions: 50 -> 50 (removed 0 positions from wells without groups)
13:52:18,541 GUI INFO Group assignments: {'circle_well_example': 'Group 1', 'rectangle_well_example': 'Group 2'}
13:52:18,541 GUI INFO Fluidics well assignments: {'circle_well_example': 'A', 'rectangle_well_example': 'B'}
13:52:18,542 GUI INFO Selected channels: ['FarRed', 'DeepBlue', 'Green', 'Orange']
13:52:18,543 GUI INFO Channel exposure: {'FarRed': 500, 'DeepBlue': 500, 'Green': 500, 'Orange': 500}
13:52:18,543 GUI INFO Fluidics protocols: ['hybe', 'strip']
13:52:18,543 GUI INFO Number of hybes: 18
13:52:18,544 GUI INFO Configuration saved successfully!
13:52:18,637 GUI INFO Experiment setup completed successfully!
14:10:17,974 GUI INFO Scope daemon started
14:10:17,990 GUI INFO Fluidics daemon not implemented yet
14:10:20,262 GUI INFO GUI: Resetting experiment...
14:10:20,268 GUI INFO Removed file: Experiment_state.json
14:10:20,269 GUI INFO Removed file: Positions.csv
14:10:20,270 GUI INFO Removed file: Experiment_tasks.csv
14:10:20,271 GUI INFO Removed file: Experiment_status.txt
14:10:20,272 GUI INFO Removed file: Scope_status.txt
14:10:20,272 GUI INFO Removed file: Fluidics_status.txt
14:10:20,276 GUI INFO All system files cleared and status reset to Idle
14:10:20,292 GUI INFO System variables cleared successfully
14:10:20,293 GUI INFO GUI reset to startup state
14:10:20,294 GUI INFO GUI: Experiment reset completed successfully
14:10:21,127 GUI INFO GUI: Starting experiment creation...
14:10:21,137 GUI INFO GUI: Experiment creation started - use experimental setup panel to continue
14:10:24,68 GUI INFO Experiment info saved: New_Experiment by User for project New_Project
14:10:24,86 GUI INFO Attempting to get available plate configs...
14:10:24,87 GUI INFO Found available configs: ['example', 'example_6']
14:10:26,524 GUI INFO Positions GUI: Configuration type changed to: 'example'
14:10:26,526 GUI INFO Positions GUI: Loading plate config for: example
14:10:26,528 GUI INFO Positions GUI: Looking for config file: C:\GitRepos\pyScope\Plates\example.json
14:10:26,530 GUI INFO Positions GUI: Loaded plate config with 2 wells
14:10:26,532 GUI INFO Positions GUI: Successfully loaded 2 wells from example
14:10:27,287 GUI INFO Positions GUI: Create positions button clicked
14:10:27,288 GUI INFO Positions GUI: Selected configuration type: example
14:10:27,290 GUI ERROR Error creating positions: 'Experiment' object has no attribute 'offsets'
14:13:02,191 GUI INFO Scope daemon started
14:13:02,193 GUI INFO Fluidics daemon not implemented yet
14:13:04,122 GUI INFO GUI: Starting experiment creation...
14:13:04,151 GUI INFO GUI: Experiment creation started - use experimental setup panel to continue
14:13:05,471 GUI INFO Experiment info saved: New_Experiment by User for project New_Project
14:13:05,480 GUI INFO Attempting to get available plate configs...
14:13:05,481 GUI INFO Found available configs: ['example', 'example_6']
14:13:07,341 GUI INFO Positions GUI: Configuration type changed to: 'example'
14:13:07,343 GUI INFO Positions GUI: Loading plate config for: example
14:13:07,344 GUI INFO Positions GUI: Looking for config file: C:\GitRepos\pyScope\Plates\example.json
14:13:07,346 GUI INFO Positions GUI: Loaded plate config with 2 wells
14:13:07,348 GUI INFO Positions GUI: Successfully loaded 2 wells from example
14:13:08,366 GUI INFO Positions GUI: Create positions button clicked
14:13:08,367 GUI INFO Positions GUI: Selected configuration type: example
14:13:08,513 GUI INFO Positions created successfully: 50 positions
14:13:12,272 GUI INFO Filtered positions: 50 -> 50 (removed 0 positions from wells without groups)
14:13:12,281 GUI INFO Group assignments: {'circle_well_example': 'Group 1', 'rectangle_well_example': 'Group 2'}
14:13:12,282 GUI INFO Fluidics well assignments: {'circle_well_example': 'A', 'rectangle_well_example': 'B'}
14:13:12,283 GUI INFO Selected channels: ['FarRed', 'DeepBlue', 'Green', 'Orange']
14:13:12,284 GUI INFO Channel exposure: {'FarRed': 500, 'DeepBlue': 500, 'Green': 500, 'Orange': 500}
14:13:12,285 GUI INFO Fluidics protocols: ['hybe', 'strip']
14:13:12,285 GUI INFO Number of hybes: 18
14:13:12,285 GUI INFO Configuration saved successfully!
14:13:12,383 GUI INFO Experiment setup completed successfully!
14:39:04,920 GUI INFO Scope daemon started
14:39:04,920 GUI INFO Fluidics daemon not implemented yet
14:39:06,482 GUI INFO GUI: Starting experiment creation...
14:39:06,492 GUI INFO GUI: Experiment creation started - use experimental setup panel to continue
14:39:07,941 GUI INFO Experiment info saved: New_Experiment by User for project New_Project
14:39:07,957 GUI INFO Attempting to get available plate configs...
14:39:07,958 GUI INFO Found available configs: ['example', 'example_6']
14:39:11,128 GUI INFO Positions GUI: Configuration type changed to: 'example'
14:39:11,130 GUI INFO Positions GUI: Loading plate config for: example
14:39:11,131 GUI INFO Positions GUI: Looking for config file: C:\GitRepos\pyScope\Plates\example.json
14:39:11,132 GUI INFO Positions GUI: Loaded plate config with 2 wells
14:39:11,133 GUI INFO Positions GUI: Successfully loaded 2 wells from example
14:39:12,103 GUI INFO Positions GUI: Create positions button clicked
14:39:12,104 GUI INFO Positions GUI: Selected configuration type: example
14:39:12,231 GUI INFO Positions created successfully: 50 positions
14:39:16,289 GUI INFO Filtered positions: 50 -> 50 (removed 0 positions from wells without groups)
14:39:16,293 GUI INFO Group assignments: {'circle_well_example': 'Group 1', 'rectangle_well_example': 'Group 2'}
14:39:16,293 GUI INFO Fluidics well assignments: {'circle_well_example': 'A', 'rectangle_well_example': 'B'}
14:39:16,294 GUI INFO Selected channels: ['FarRed', 'DeepBlue', 'Green', 'Orange']
14:39:16,294 GUI INFO Channel exposure: {'FarRed': 500, 'DeepBlue': 500, 'Green': 500, 'Orange': 500}
14:39:16,295 GUI INFO Fluidics protocols: ['hybe', 'strip']
14:39:16,295 GUI INFO Number of hybes: 18
14:39:16,296 GUI INFO Configuration saved successfully!
14:39:16,395 GUI INFO Experiment setup completed successfully!
14:50:17,670 GUI INFO Scope daemon started
14:50:17,671 GUI INFO Fluidics daemon not implemented yet
14:54:02,95 GUI INFO Scope daemon started
14:54:02,95 GUI INFO Fluidics daemon not implemented yet
14:54:03,369 GUI INFO GUI: Starting experiment creation...
14:54:03,393 GUI INFO GUI: Experiment creation started - use experimental setup panel to continue
14:54:04,409 GUI INFO Experiment info saved: New_Experiment by User for project New_Project
14:54:04,437 GUI INFO Attempting to get available plate configs...
14:54:04,438 GUI INFO Found available configs: ['example', 'example_6']
14:54:06,467 GUI INFO Positions GUI: Configuration type changed to: 'example'
14:54:06,467 GUI INFO Positions GUI: Loading plate config for: example
14:54:06,468 GUI INFO Positions GUI: Looking for config file: C:\GitRepos\pyScope\Plates\example.json
14:54:06,468 GUI INFO Positions GUI: Loaded plate config with 2 wells
14:54:06,469 GUI INFO Positions GUI: Successfully loaded 2 wells from example
14:54:07,212 GUI INFO Positions GUI: Create positions button clicked
14:54:07,213 GUI INFO Positions GUI: Selected configuration type: example
14:54:07,335 GUI INFO Positions created successfully: 50 positions
14:54:10,836 GUI INFO Filtered positions: 50 -> 50 (removed 0 positions from wells without groups)
14:54:10,839 GUI INFO Group assignments: {'circle_well_example': 'Group 1', 'rectangle_well_example': 'Group 2'}
14:54:10,840 GUI INFO Fluidics well assignments: {'circle_well_example': 'A', 'rectangle_well_example': 'B'}
14:54:10,840 GUI INFO Selected channels: ['FarRed', 'DeepBlue', 'Green', 'Orange']
14:54:10,840 GUI INFO Channel exposure: {'FarRed': 500, 'DeepBlue': 500, 'Green': 500, 'Orange': 500}
14:54:10,840 GUI INFO Fluidics protocols: ['hybe', 'strip']
14:54:10,840 GUI INFO Number of hybes: 18
14:54:10,841 GUI INFO Configuration saved successfully!
14:54:10,938 GUI INFO Experiment setup completed successfully!
14:56:22,219 GUI INFO Scope daemon started
14:56:22,219 GUI INFO Fluidics daemon not implemented yet
14:56:23,383 GUI INFO GUI: Starting experiment creation...
14:56:23,391 GUI INFO GUI: Experiment creation started - use experimental setup panel to continue
14:56:24,471 GUI INFO Experiment info saved: New_Experiment by User for project New_Project
14:56:24,485 GUI INFO Attempting to get available plate configs...
14:56:24,487 GUI INFO Found available configs: ['example', 'example_6']
14:56:26,775 GUI INFO Positions GUI: Configuration type changed to: 'example'
14:56:26,776 GUI INFO Positions GUI: Loading plate config for: example
14:56:26,777 GUI INFO Positions GUI: Looking for config file: C:\GitRepos\pyScope\Plates\example.json
14:56:26,778 GUI INFO Positions GUI: Loaded plate config with 2 wells
14:56:26,779 GUI INFO Positions GUI: Successfully loaded 2 wells from example
14:56:27,830 GUI INFO Positions GUI: Create positions button clicked
14:56:27,832 GUI INFO Positions GUI: Selected configuration type: example
14:56:27,952 GUI INFO Positions created successfully: 50 positions
14:56:31,85 GUI INFO Filtered positions: 50 -> 50 (removed 0 positions from wells without groups)
14:56:31,90 GUI INFO Group assignments: {'circle_well_example': 'Group 1', 'rectangle_well_example': 'Group 2'}
14:56:31,91 GUI INFO Fluidics well assignments: {'circle_well_example': 'A', 'rectangle_well_example': 'B'}
14:56:31,92 GUI INFO Selected channels: ['FarRed', 'DeepBlue', 'Green', 'Orange']
14:56:31,93 GUI INFO Channel exposure: {'FarRed': 500, 'DeepBlue': 500, 'Green': 500, 'Orange': 500}
14:56:31,93 GUI INFO Fluidics protocols: ['hybe', 'strip']
14:56:31,94 GUI INFO Number of hybes: 18
14:56:31,95 GUI INFO Configuration saved successfully!
14:56:31,195 GUI INFO Experiment setup completed successfully!
14:57:09,62 GUI INFO Scope daemon started
14:57:09,62 GUI INFO Fluidics daemon not implemented yet
14:57:10,355 GUI INFO GUI: Starting experiment creation...
14:57:10,386 GUI INFO GUI: Experiment creation started - use experimental setup panel to continue
14:57:11,358 GUI INFO Experiment info saved: New_Experiment by User for project New_Project
14:57:11,374 GUI INFO Attempting to get available plate configs...
14:57:11,374 GUI INFO Found available configs: ['example', 'example_6']
14:57:13,206 GUI INFO Positions GUI: Configuration type changed to: 'example'
14:57:13,207 GUI INFO Positions GUI: Loading plate config for: example
14:57:13,207 GUI INFO Positions GUI: Looking for config file: C:\GitRepos\pyScope\Plates\example.json
14:57:13,208 GUI INFO Positions GUI: Loaded plate config with 2 wells
14:57:13,208 GUI INFO Positions GUI: Successfully loaded 2 wells from example
14:57:14,294 GUI INFO Positions GUI: Create positions button clicked
14:57:14,294 GUI INFO Positions GUI: Selected configuration type: example
14:57:14,415 GUI INFO Positions created successfully: 50 positions
14:57:17,587 GUI INFO Filtered positions: 50 -> 50 (removed 0 positions from wells without groups)
14:57:17,591 GUI INFO Group assignments: {'circle_well_example': 'Group 1', 'rectangle_well_example': 'Group 2'}
14:57:17,591 GUI INFO Fluidics well assignments: {'circle_well_example': 'A', 'rectangle_well_example': 'B'}
14:57:17,591 GUI INFO Selected channels: ['FarRed', 'DeepBlue', 'Green', 'Orange']
14:57:17,592 GUI INFO Channel exposure: {'FarRed': 500, 'DeepBlue': 500, 'Green': 500, 'Orange': 500}
14:57:17,592 GUI INFO Fluidics protocols: ['hybe', 'strip']
14:57:17,593 GUI INFO Number of hybes: 18
14:57:17,593 GUI INFO Configuration saved successfully!
14:57:17,691 GUI INFO Experiment setup completed successfully!
14:57:19,14 GUI INFO GUI: Resetting experiment...
14:57:19,21 GUI INFO Removed file: Experiment_state.json
14:57:19,22 GUI INFO Removed file: Positions.csv
14:57:19,22 GUI INFO Removed file: Experiment_tasks.csv
14:57:19,23 GUI INFO Removed file: Experiment_status.txt
14:57:19,24 GUI INFO Removed file: Scope_status.txt
14:57:19,24 GUI INFO Removed file: Fluidics_status.txt
14:57:19,29 GUI INFO All system files cleared and status reset to Idle
14:57:19,45 GUI INFO System variables cleared successfully
14:57:19,46 GUI INFO GUI reset to startup state
14:57:19,46 GUI INFO GUI: Experiment reset completed successfully
14:57:19,724 GUI INFO GUI: Starting experiment creation...
14:57:19,732 GUI INFO GUI: Experiment creation started - use experimental setup panel to continue
14:57:21,40 GUI INFO Experiment info saved: New_Experiment by User for project New_Project
14:57:21,59 GUI INFO Attempting to get available plate configs...
14:57:21,60 GUI INFO Found available configs: ['example', 'example_6']
14:57:22,922 GUI INFO Positions GUI: Configuration type changed to: 'Custom Grid'
14:57:24,726 GUI INFO Positions GUI: Configuration type changed to: 'Custom Manual'
14:59:08,213 GUI INFO Scope daemon started
14:59:08,214 GUI INFO Fluidics daemon not implemented yet
14:59:09,222 GUI INFO GUI: Starting experiment creation...
14:59:09,231 GUI INFO GUI: Experiment creation started - use experimental setup panel to continue
14:59:10,302 GUI INFO Experiment info saved: New_Experiment by User for project New_Project
14:59:10,319 GUI INFO Attempting to get available plate configs...
14:59:10,319 GUI INFO Found available configs: ['example', 'example_6']
14:59:12,269 GUI INFO Positions GUI: Configuration type changed to: 'example_6'
14:59:12,270 GUI INFO Positions GUI: Loading plate config for: example_6
14:59:12,271 GUI INFO Positions GUI: Looking for config file: C:\GitRepos\pyScope\Plates\example_6.json
14:59:12,273 GUI INFO Positions GUI: Loaded plate config with 4 wells
14:59:12,275 GUI INFO Positions GUI: Successfully loaded 4 wells from example_6
14:59:13,935 GUI INFO Positions GUI: Configuration type changed to: 'Custom Grid'
14:59:16,581 GUI INFO Positions GUI: Configuration type changed to: 'Custom Grid'
14:59:19,938 GUI DEBUG Generated 96 wells for Custom Grid
14:59:19,938 GUI DEBUG Generated well names: ['A1', 'A10', 'A11', 'A12', 'A2', 'A3', 'A4', 'A5', 'A6', 'A7', 'A8', 'A9', 'B1', 'B10', 'B11', 'B12', 'B2', 'B3', 'B4', 'B5', 'B6', 'B7', 'B8', 'B9', 'C1', 'C10', 'C11', 'C12', 'C2', 'C3', 'C4', 'C5', 'C6', 'C7', 'C8', 'C9', 'D1', 'D10', 'D11', 'D12', 'D2', 'D3', 'D4', 'D5', 'D6', 'D7', 'D8', 'D9', 'E1', 'E10', 'E11', 'E12', 'E2', 'E3', 'E4', 'E5', 'E6', 'E7', 'E8', 'E9', 'F1', 'F10', 'F11', 'F12', 'F2', 'F3', 'F4', 'F5', 'F6', 'F7', 'F8', 'F9', 'G1', 'G10', 'G11', 'G12', 'G2', 'G3', 'G4', 'G5', 'G6', 'G7', 'G8', 'G9', 'H1', 'H10', 'H11', 'H12', 'H2', 'H3', 'H4', 'H5', 'H6', 'H7', 'H8', 'H9']
14:59:19,938 GUI DEBUG Well A1: center={'X': -49500.0, 'Y': -31500.0, 'Z': 0.0}, shape=circle, dimensions={'radius': 3000.0}
14:59:19,939 GUI DEBUG Well A2: center={'X': -40500.0, 'Y': -31500.0, 'Z': 0.0}, shape=circle, dimensions={'radius': 3000.0}
14:59:19,939 GUI DEBUG Well A3: center={'X': -31500.0, 'Y': -31500.0, 'Z': 0.0}, shape=circle, dimensions={'radius': 3000.0}
14:59:19,940 GUI DEBUG Well A4: center={'X': -22500.0, 'Y': -31500.0, 'Z': 0.0}, shape=circle, dimensions={'radius': 3000.0}
14:59:19,940 GUI DEBUG Well A5: center={'X': -13500.0, 'Y': -31500.0, 'Z': 0.0}, shape=circle, dimensions={'radius': 3000.0}
14:59:19,940 GUI DEBUG Well A6: center={'X': -4500.0, 'Y': -31500.0, 'Z': 0.0}, shape=circle, dimensions={'radius': 3000.0}
14:59:19,941 GUI DEBUG Well A7: center={'X': 4500.0, 'Y': -31500.0, 'Z': 0.0}, shape=circle, dimensions={'radius': 3000.0}
14:59:19,941 GUI DEBUG Well A8: center={'X': 13500.0, 'Y': -31500.0, 'Z': 0.0}, shape=circle, dimensions={'radius': 3000.0}
14:59:19,941 GUI DEBUG Well A9: center={'X': 22500.0, 'Y': -31500.0, 'Z': 0.0}, shape=circle, dimensions={'radius': 3000.0}
14:59:19,942 GUI DEBUG Well A10: center={'X': 31500.0, 'Y': -31500.0, 'Z': 0.0}, shape=circle, dimensions={'radius': 3000.0}
14:59:19,942 GUI DEBUG Well A11: center={'X': 40500.0, 'Y': -31500.0, 'Z': 0.0}, shape=circle, dimensions={'radius': 3000.0}
14:59:19,942 GUI DEBUG Well A12: center={'X': 49500.0, 'Y': -31500.0, 'Z': 0.0}, shape=circle, dimensions={'radius': 3000.0}
14:59:19,943 GUI DEBUG Well B1: center={'X': -49500.0, 'Y': -22500.0, 'Z': 0.0}, shape=circle, dimensions={'radius': 3000.0}
14:59:19,943 GUI DEBUG Well B2: center={'X': -40500.0, 'Y': -22500.0, 'Z': 0.0}, shape=circle, dimensions={'radius': 3000.0}
14:59:19,943 GUI DEBUG Well B3: center={'X': -31500.0, 'Y': -22500.0, 'Z': 0.0}, shape=circle, dimensions={'radius': 3000.0}
14:59:19,944 GUI DEBUG Well B4: center={'X': -22500.0, 'Y': -22500.0, 'Z': 0.0}, shape=circle, dimensions={'radius': 3000.0}
14:59:19,944 GUI DEBUG Well B5: center={'X': -13500.0, 'Y': -22500.0, 'Z': 0.0}, shape=circle, dimensions={'radius': 3000.0}
14:59:19,945 GUI DEBUG Well B6: center={'X': -4500.0, 'Y': -22500.0, 'Z': 0.0}, shape=circle, dimensions={'radius': 3000.0}
14:59:19,945 GUI DEBUG Well B7: center={'X': 4500.0, 'Y': -22500.0, 'Z': 0.0}, shape=circle, dimensions={'radius': 3000.0}
14:59:19,945 GUI DEBUG Well B8: center={'X': 13500.0, 'Y': -22500.0, 'Z': 0.0}, shape=circle, dimensions={'radius': 3000.0}
14:59:19,945 GUI DEBUG Well B9: center={'X': 22500.0, 'Y': -22500.0, 'Z': 0.0}, shape=circle, dimensions={'radius': 3000.0}
14:59:19,946 GUI DEBUG Well B10: center={'X': 31500.0, 'Y': -22500.0, 'Z': 0.0}, shape=circle, dimensions={'radius': 3000.0}
14:59:19,946 GUI DEBUG Well B11: center={'X': 40500.0, 'Y': -22500.0, 'Z': 0.0}, shape=circle, dimensions={'radius': 3000.0}
14:59:19,946 GUI DEBUG Well B12: center={'X': 49500.0, 'Y': -22500.0, 'Z': 0.0}, shape=circle, dimensions={'radius': 3000.0}
14:59:19,946 GUI DEBUG Well C1: center={'X': -49500.0, 'Y': -13500.0, 'Z': 0.0}, shape=circle, dimensions={'radius': 3000.0}
14:59:19,947 GUI DEBUG Well C2: center={'X': -40500.0, 'Y': -13500.0, 'Z': 0.0}, shape=circle, dimensions={'radius': 3000.0}
14:59:19,947 GUI DEBUG Well C3: center={'X': -31500.0, 'Y': -13500.0, 'Z': 0.0}, shape=circle, dimensions={'radius': 3000.0}
14:59:19,947 GUI DEBUG Well C4: center={'X': -22500.0, 'Y': -13500.0, 'Z': 0.0}, shape=circle, dimensions={'radius': 3000.0}
14:59:19,947 GUI DEBUG Well C5: center={'X': -13500.0, 'Y': -13500.0, 'Z': 0.0}, shape=circle, dimensions={'radius': 3000.0}
14:59:19,948 GUI DEBUG Well C6: center={'X': -4500.0, 'Y': -13500.0, 'Z': 0.0}, shape=circle, dimensions={'radius': 3000.0}
14:59:19,948 GUI DEBUG Well C7: center={'X': 4500.0, 'Y': -13500.0, 'Z': 0.0}, shape=circle, dimensions={'radius': 3000.0}
14:59:19,948 GUI DEBUG Well C8: center={'X': 13500.0, 'Y': -13500.0, 'Z': 0.0}, shape=circle, dimensions={'radius': 3000.0}
14:59:19,949 GUI DEBUG Well C9: center={'X': 22500.0, 'Y': -13500.0, 'Z': 0.0}, shape=circle, dimensions={'radius': 3000.0}
14:59:19,949 GUI DEBUG Well C10: center={'X': 31500.0, 'Y': -13500.0, 'Z': 0.0}, shape=circle, dimensions={'radius': 3000.0}
14:59:19,950 GUI DEBUG Well C11: center={'X': 40500.0, 'Y': -13500.0, 'Z': 0.0}, shape=circle, dimensions={'radius': 3000.0}
14:59:19,950 GUI DEBUG Well C12: center={'X': 49500.0, 'Y': -13500.0, 'Z': 0.0}, shape=circle, dimensions={'radius': 3000.0}
14:59:19,950 GUI DEBUG Well D1: center={'X': -49500.0, 'Y': -4500.0, 'Z': 0.0}, shape=circle, dimensions={'radius': 3000.0}
14:59:19,951 GUI DEBUG Well D2: center={'X': -40500.0, 'Y': -4500.0, 'Z': 0.0}, shape=circle, dimensions={'radius': 3000.0}
14:59:19,951 GUI DEBUG Well D3: center={'X': -31500.0, 'Y': -4500.0, 'Z': 0.0}, shape=circle, dimensions={'radius': 3000.0}
14:59:19,951 GUI DEBUG Well D4: center={'X': -22500.0, 'Y': -4500.0, 'Z': 0.0}, shape=circle, dimensions={'radius': 3000.0}
14:59:19,951 GUI DEBUG Well D5: center={'X': -13500.0, 'Y': -4500.0, 'Z': 0.0}, shape=circle, dimensions={'radius': 3000.0}
14:59:19,952 GUI DEBUG Well D6: center={'X': -4500.0, 'Y': -4500.0, 'Z': 0.0}, shape=circle, dimensions={'radius': 3000.0}
14:59:19,952 GUI DEBUG Well D7: center={'X': 4500.0, 'Y': -4500.0, 'Z': 0.0}, shape=circle, dimensions={'radius': 3000.0}
14:59:19,952 GUI DEBUG Well D8: center={'X': 13500.0, 'Y': -4500.0, 'Z': 0.0}, shape=circle, dimensions={'radius': 3000.0}
14:59:19,953 GUI DEBUG Well D9: center={'X': 22500.0, 'Y': -4500.0, 'Z': 0.0}, shape=circle, dimensions={'radius': 3000.0}
14:59:19,953 GUI DEBUG Well D10: center={'X': 31500.0, 'Y': -4500.0, 'Z': 0.0}, shape=circle, dimensions={'radius': 3000.0}
14:59:19,953 GUI DEBUG Well D11: center={'X': 40500.0, 'Y': -4500.0, 'Z': 0.0}, shape=circle, dimensions={'radius': 3000.0}
14:59:19,953 GUI DEBUG Well D12: center={'X': 49500.0, 'Y': -4500.0, 'Z': 0.0}, shape=circle, dimensions={'radius': 3000.0}
14:59:19,954 GUI DEBUG Well E1: center={'X': -49500.0, 'Y': 4500.0, 'Z': 0.0}, shape=circle, dimensions={'radius': 3000.0}
14:59:19,954 GUI DEBUG Well E2: center={'X': -40500.0, 'Y': 4500.0, 'Z': 0.0}, shape=circle, dimensions={'radius': 3000.0}
14:59:19,955 GUI DEBUG Well E3: center={'X': -31500.0, 'Y': 4500.0, 'Z': 0.0}, shape=circle, dimensions={'radius': 3000.0}
14:59:19,955 GUI DEBUG Well E4: center={'X': -22500.0, 'Y': 4500.0, 'Z': 0.0}, shape=circle, dimensions={'radius': 3000.0}
14:59:19,955 GUI DEBUG Well E5: center={'X': -13500.0, 'Y': 4500.0, 'Z': 0.0}, shape=circle, dimensions={'radius': 3000.0}
14:59:19,956 GUI DEBUG Well E6: center={'X': -4500.0, 'Y': 4500.0, 'Z': 0.0}, shape=circle, dimensions={'radius': 3000.0}
14:59:19,956 GUI DEBUG Well E7: center={'X': 4500.0, 'Y': 4500.0, 'Z': 0.0}, shape=circle, dimensions={'radius': 3000.0}
14:59:19,956 GUI DEBUG Well E8: center={'X': 13500.0, 'Y': 4500.0, 'Z': 0.0}, shape=circle, dimensions={'radius': 3000.0}
14:59:19,956 GUI DEBUG Well E9: center={'X': 22500.0, 'Y': 4500.0, 'Z': 0.0}, shape=circle, dimensions={'radius': 3000.0}
14:59:19,957 GUI DEBUG Well E10: center={'X': 31500.0, 'Y': 4500.0, 'Z': 0.0}, shape=circle, dimensions={'radius': 3000.0}
14:59:19,957 GUI DEBUG Well E11: center={'X': 40500.0, 'Y': 4500.0, 'Z': 0.0}, shape=circle, dimensions={'radius': 3000.0}
14:59:19,957 GUI DEBUG Well E12: center={'X': 49500.0, 'Y': 4500.0, 'Z': 0.0}, shape=circle, dimensions={'radius': 3000.0}
14:59:19,957 GUI DEBUG Well F1: center={'X': -49500.0, 'Y': 13500.0, 'Z': 0.0}, shape=circle, dimensions={'radius': 3000.0}
14:59:19,958 GUI DEBUG Well F2: center={'X': -40500.0, 'Y': 13500.0, 'Z': 0.0}, shape=circle, dimensions={'radius': 3000.0}
14:59:19,959 GUI DEBUG Well F3: center={'X': -31500.0, 'Y': 13500.0, 'Z': 0.0}, shape=circle, dimensions={'radius': 3000.0}
14:59:19,959 GUI DEBUG Well F4: center={'X': -22500.0, 'Y': 13500.0, 'Z': 0.0}, shape=circle, dimensions={'radius': 3000.0}
14:59:19,960 GUI DEBUG Well F5: center={'X': -13500.0, 'Y': 13500.0, 'Z': 0.0}, shape=circle, dimensions={'radius': 3000.0}
14:59:19,960 GUI DEBUG Well F6: center={'X': -4500.0, 'Y': 13500.0, 'Z': 0.0}, shape=circle, dimensions={'radius': 3000.0}
14:59:19,961 GUI DEBUG Well F7: center={'X': 4500.0, 'Y': 13500.0, 'Z': 0.0}, shape=circle, dimensions={'radius': 3000.0}
14:59:19,961 GUI DEBUG Well F8: center={'X': 13500.0, 'Y': 13500.0, 'Z': 0.0}, shape=circle, dimensions={'radius': 3000.0}
14:59:19,961 GUI DEBUG Well F9: center={'X': 22500.0, 'Y': 13500.0, 'Z': 0.0}, shape=circle, dimensions={'radius': 3000.0}
14:59:19,961 GUI DEBUG Well F10: center={'X': 31500.0, 'Y': 13500.0, 'Z': 0.0}, shape=circle, dimensions={'radius': 3000.0}
14:59:19,962 GUI DEBUG Well F11: center={'X': 40500.0, 'Y': 13500.0, 'Z': 0.0}, shape=circle, dimensions={'radius': 3000.0}
14:59:19,962 GUI DEBUG Well F12: center={'X': 49500.0, 'Y': 13500.0, 'Z': 0.0}, shape=circle, dimensions={'radius': 3000.0}
14:59:19,962 GUI DEBUG Well G1: center={'X': -49500.0, 'Y': 22500.0, 'Z': 0.0}, shape=circle, dimensions={'radius': 3000.0}
14:59:19,963 GUI DEBUG Well G2: center={'X': -40500.0, 'Y': 22500.0, 'Z': 0.0}, shape=circle, dimensions={'radius': 3000.0}
14:59:19,963 GUI DEBUG Well G3: center={'X': -31500.0, 'Y': 22500.0, 'Z': 0.0}, shape=circle, dimensions={'radius': 3000.0}
14:59:19,964 GUI DEBUG Well G4: center={'X': -22500.0, 'Y': 22500.0, 'Z': 0.0}, shape=circle, dimensions={'radius': 3000.0}
14:59:19,964 GUI DEBUG Well G5: center={'X': -13500.0, 'Y': 22500.0, 'Z': 0.0}, shape=circle, dimensions={'radius': 3000.0}
14:59:19,964 GUI DEBUG Well G6: center={'X': -4500.0, 'Y': 22500.0, 'Z': 0.0}, shape=circle, dimensions={'radius': 3000.0}
14:59:19,965 GUI DEBUG Well G7: center={'X': 4500.0, 'Y': 22500.0, 'Z': 0.0}, shape=circle, dimensions={'radius': 3000.0}
14:59:19,965 GUI DEBUG Well G8: center={'X': 13500.0, 'Y': 22500.0, 'Z': 0.0}, shape=circle, dimensions={'radius': 3000.0}
14:59:19,966 GUI DEBUG Well G9: center={'X': 22500.0, 'Y': 22500.0, 'Z': 0.0}, shape=circle, dimensions={'radius': 3000.0}
14:59:19,966 GUI DEBUG Well G10: center={'X': 31500.0, 'Y': 22500.0, 'Z': 0.0}, shape=circle, dimensions={'radius': 3000.0}
14:59:19,966 GUI DEBUG Well G11: center={'X': 40500.0, 'Y': 22500.0, 'Z': 0.0}, shape=circle, dimensions={'radius': 3000.0}
14:59:19,966 GUI DEBUG Well G12: center={'X': 49500.0, 'Y': 22500.0, 'Z': 0.0}, shape=circle, dimensions={'radius': 3000.0}
14:59:19,967 GUI DEBUG Well H1: center={'X': -49500.0, 'Y': 31500.0, 'Z': 0.0}, shape=circle, dimensions={'radius': 3000.0}
14:59:19,967 GUI DEBUG Well H2: center={'X': -40500.0, 'Y': 31500.0, 'Z': 0.0}, shape=circle, dimensions={'radius': 3000.0}
14:59:19,967 GUI DEBUG Well H3: center={'X': -31500.0, 'Y': 31500.0, 'Z': 0.0}, shape=circle, dimensions={'radius': 3000.0}
14:59:19,968 GUI DEBUG Well H4: center={'X': -22500.0, 'Y': 31500.0, 'Z': 0.0}, shape=circle, dimensions={'radius': 3000.0}
14:59:19,968 GUI DEBUG Well H5: center={'X': -13500.0, 'Y': 31500.0, 'Z': 0.0}, shape=circle, dimensions={'radius': 3000.0}
14:59:19,968 GUI DEBUG Well H6: center={'X': -4500.0, 'Y': 31500.0, 'Z': 0.0}, shape=circle, dimensions={'radius': 3000.0}
14:59:19,968 GUI DEBUG Well H7: center={'X': 4500.0, 'Y': 31500.0, 'Z': 0.0}, shape=circle, dimensions={'radius': 3000.0}
14:59:19,969 GUI DEBUG Well H8: center={'X': 13500.0, 'Y': 31500.0, 'Z': 0.0}, shape=circle, dimensions={'radius': 3000.0}
14:59:19,969 GUI DEBUG Well H9: center={'X': 22500.0, 'Y': 31500.0, 'Z': 0.0}, shape=circle, dimensions={'radius': 3000.0}
14:59:19,969 GUI DEBUG Well H10: center={'X': 31500.0, 'Y': 31500.0, 'Z': 0.0}, shape=circle, dimensions={'radius': 3000.0}
14:59:19,970 GUI DEBUG Well H11: center={'X': 40500.0, 'Y': 31500.0, 'Z': 0.0}, shape=circle, dimensions={'radius': 3000.0}
14:59:19,970 GUI DEBUG Well H12: center={'X': 49500.0, 'Y': 31500.0, 'Z': 0.0}, shape=circle, dimensions={'radius': 3000.0}
14:59:21,195 GUI INFO Positions GUI: Create positions button clicked
14:59:21,195 GUI INFO Positions GUI: Selected configuration type: Custom Grid
14:59:21,198 GUI DEBUG Starting position creation for Custom Grid
14:59:21,198 GUI DEBUG Generated wells available: ['A1', 'A2', 'A3', 'A4', 'A5', 'A6', 'A7', 'A8', 'A9', 'A10', 'A11', 'A12', 'B1', 'B2', 'B3', 'B4', 'B5', 'B6', 'B7', 'B8', 'B9', 'B10', 'B11', 'B12', 'C1', 'C2', 'C3', 'C4', 'C5', 'C6', 'C7', 'C8', 'C9', 'C10', 'C11', 'C12', 'D1', 'D2', 'D3', 'D4', 'D5', 'D6', 'D7', 'D8', 'D9', 'D10', 'D11', 'D12', 'E1', 'E2', 'E3', 'E4', 'E5', 'E6', 'E7', 'E8', 'E9', 'E10', 'E11', 'E12', 'F1', 'F2', 'F3', 'F4', 'F5', 'F6', 'F7', 'F8', 'F9', 'F10', 'F11', 'F12', 'G1', 'G2', 'G3', 'G4', 'G5', 'G6', 'G7', 'G8', 'G9', 'G10', 'G11', 'G12', 'H1', 'H2', 'H3', 'H4', 'H5', 'H6', 'H7', 'H8', 'H9', 'H10', 'H11', 'H12']
14:59:21,199 GUI DEBUG Apply offset correction: True
14:59:21,200 GUI DEBUG Processing well: A1
14:59:21,200 GUI DEBUG Well A1 config: {'center': {'X': -49500.0, 'Y': -31500.0, 'Z': 0.0}, 'shape': 'circle', 'dimensions': {'radius': 3000.0}}
14:59:22,319 GUI DEBUG Well A1 added 0 positions
14:59:22,320 GUI DEBUG Processing well: A2
14:59:22,321 GUI DEBUG Well A2 config: {'center': {'X': -40500.0, 'Y': -31500.0, 'Z': 0.0}, 'shape': 'circle', 'dimensions': {'radius': 3000.0}}
14:59:23,704 GUI DEBUG Well A2 added 0 positions
14:59:23,704 GUI DEBUG Processing well: A3
14:59:23,704 GUI DEBUG Well A3 config: {'center': {'X': -31500.0, 'Y': -31500.0, 'Z': 0.0}, 'shape': 'circle', 'dimensions': {'radius': 3000.0}}
14:59:24,792 GUI DEBUG Well A3 added 0 positions
14:59:24,792 GUI DEBUG Processing well: A4
14:59:24,793 GUI DEBUG Well A4 config: {'center': {'X': -22500.0, 'Y': -31500.0, 'Z': 0.0}, 'shape': 'circle', 'dimensions': {'radius': 3000.0}}
14:59:25,847 GUI DEBUG Well A4 added 0 positions
14:59:25,847 GUI DEBUG Processing well: A5
14:59:25,848 GUI DEBUG Well A5 config: {'center': {'X': -13500.0, 'Y': -31500.0, 'Z': 0.0}, 'shape': 'circle', 'dimensions': {'radius': 3000.0}}
14:59:27,178 GUI DEBUG Well A5 added 0 positions
14:59:27,178 GUI DEBUG Processing well: A6
14:59:27,178 GUI DEBUG Well A6 config: {'center': {'X': -4500.0, 'Y': -31500.0, 'Z': 0.0}, 'shape': 'circle', 'dimensions': {'radius': 3000.0}}
14:59:28,358 GUI DEBUG Well A6 added 0 positions
14:59:28,358 GUI DEBUG Processing well: A7
14:59:28,359 GUI DEBUG Well A7 config: {'center': {'X': 4500.0, 'Y': -31500.0, 'Z': 0.0}, 'shape': 'circle', 'dimensions': {'radius': 3000.0}}
14:59:29,582 GUI DEBUG Well A7 added 0 positions
14:59:29,582 GUI DEBUG Processing well: A8
14:59:29,582 GUI DEBUG Well A8 config: {'center': {'X': 13500.0, 'Y': -31500.0, 'Z': 0.0}, 'shape': 'circle', 'dimensions': {'radius': 3000.0}}
14:59:31,113 GUI DEBUG Well A8 added 0 positions
14:59:31,114 GUI DEBUG Processing well: A9
14:59:31,114 GUI DEBUG Well A9 config: {'center': {'X': 22500.0, 'Y': -31500.0, 'Z': 0.0}, 'shape': 'circle', 'dimensions': {'radius': 3000.0}}
14:59:32,319 GUI DEBUG Well A9 added 0 positions
14:59:32,319 GUI DEBUG Processing well: A10
14:59:32,320 GUI DEBUG Well A10 config: {'center': {'X': 31500.0, 'Y': -31500.0, 'Z': 0.0}, 'shape': 'circle', 'dimensions': {'radius': 3000.0}}
14:59:33,540 GUI DEBUG Well A10 added 0 positions
14:59:33,540 GUI DEBUG Processing well: A11
14:59:33,540 GUI DEBUG Well A11 config: {'center': {'X': 40500.0, 'Y': -31500.0, 'Z': 0.0}, 'shape': 'circle', 'dimensions': {'radius': 3000.0}}
14:59:34,733 GUI DEBUG Well A11 added 0 positions
14:59:34,733 GUI DEBUG Processing well: A12
14:59:34,733 GUI DEBUG Well A12 config: {'center': {'X': 49500.0, 'Y': -31500.0, 'Z': 0.0}, 'shape': 'circle', 'dimensions': {'radius': 3000.0}}
14:59:36,243 GUI DEBUG Well A12 added 0 positions
14:59:36,244 GUI DEBUG Processing well: B1
14:59:36,244 GUI DEBUG Well B1 config: {'center': {'X': -49500.0, 'Y': -22500.0, 'Z': 0.0}, 'shape': 'circle', 'dimensions': {'radius': 3000.0}}
14:59:37,500 GUI DEBUG Well B1 added 0 positions
14:59:37,500 GUI DEBUG Processing well: B2
14:59:37,500 GUI DEBUG Well B2 config: {'center': {'X': -40500.0, 'Y': -22500.0, 'Z': 0.0}, 'shape': 'circle', 'dimensions': {'radius': 3000.0}}
14:59:38,990 GUI DEBUG Well B2 added 0 positions
14:59:38,991 GUI DEBUG Processing well: B3
14:59:38,991 GUI DEBUG Well B3 config: {'center': {'X': -31500.0, 'Y': -22500.0, 'Z': 0.0}, 'shape': 'circle', 'dimensions': {'radius': 3000.0}}
14:59:40,177 GUI DEBUG Well B3 added 0 positions
14:59:40,177 GUI DEBUG Processing well: B4
14:59:40,177 GUI DEBUG Well B4 config: {'center': {'X': -22500.0, 'Y': -22500.0, 'Z': 0.0}, 'shape': 'circle', 'dimensions': {'radius': 3000.0}}
14:59:41,473 GUI DEBUG Well B4 added 0 positions
14:59:41,473 GUI DEBUG Processing well: B5
14:59:41,473 GUI DEBUG Well B5 config: {'center': {'X': -13500.0, 'Y': -22500.0, 'Z': 0.0}, 'shape': 'circle', 'dimensions': {'radius': 3000.0}}
14:59:43,719 GUI DEBUG Well B5 added 0 positions
14:59:43,719 GUI DEBUG Processing well: B6
14:59:43,719 GUI DEBUG Well B6 config: {'center': {'X': -4500.0, 'Y': -22500.0, 'Z': 0.0}, 'shape': 'circle', 'dimensions': {'radius': 3000.0}}
14:59:45,148 GUI DEBUG Well B6 added 0 positions
14:59:45,149 GUI DEBUG Processing well: B7
14:59:45,149 GUI DEBUG Well B7 config: {'center': {'X': 4500.0, 'Y': -22500.0, 'Z': 0.0}, 'shape': 'circle', 'dimensions': {'radius': 3000.0}}
14:59:46,705 GUI DEBUG Well B7 added 0 positions
14:59:46,705 GUI DEBUG Processing well: B8
14:59:46,705 GUI DEBUG Well B8 config: {'center': {'X': 13500.0, 'Y': -22500.0, 'Z': 0.0}, 'shape': 'circle', 'dimensions': {'radius': 3000.0}}
14:59:48,143 GUI DEBUG Well B8 added 0 positions
14:59:48,143 GUI DEBUG Processing well: B9
14:59:48,143 GUI DEBUG Well B9 config: {'center': {'X': 22500.0, 'Y': -22500.0, 'Z': 0.0}, 'shape': 'circle', 'dimensions': {'radius': 3000.0}}
14:59:49,370 GUI DEBUG Well B9 added 0 positions
14:59:49,370 GUI DEBUG Processing well: B10
14:59:49,370 GUI DEBUG Well B10 config: {'center': {'X': 31500.0, 'Y': -22500.0, 'Z': 0.0}, 'shape': 'circle', 'dimensions': {'radius': 3000.0}}
14:59:50,873 GUI DEBUG Well B10 added 0 positions
14:59:50,873 GUI DEBUG Processing well: B11
14:59:50,874 GUI DEBUG Well B11 config: {'center': {'X': 40500.0, 'Y': -22500.0, 'Z': 0.0}, 'shape': 'circle', 'dimensions': {'radius': 3000.0}}
14:59:53,302 GUI DEBUG Well B11 added 0 positions
14:59:53,302 GUI DEBUG Processing well: B12
14:59:53,303 GUI DEBUG Well B12 config: {'center': {'X': 49500.0, 'Y': -22500.0, 'Z': 0.0}, 'shape': 'circle', 'dimensions': {'radius': 3000.0}}
14:59:54,925 GUI DEBUG Well B12 added 0 positions
14:59:54,925 GUI DEBUG Processing well: C1
14:59:54,926 GUI DEBUG Well C1 config: {'center': {'X': -49500.0, 'Y': -13500.0, 'Z': 0.0}, 'shape': 'circle', 'dimensions': {'radius': 3000.0}}
14:59:56,221 GUI DEBUG Well C1 added 0 positions
14:59:56,221 GUI DEBUG Processing well: C2
14:59:56,222 GUI DEBUG Well C2 config: {'center': {'X': -40500.0, 'Y': -13500.0, 'Z': 0.0}, 'shape': 'circle', 'dimensions': {'radius': 3000.0}}
14:59:57,495 GUI DEBUG Well C2 added 0 positions
14:59:57,495 GUI DEBUG Processing well: C3
14:59:57,495 GUI DEBUG Well C3 config: {'center': {'X': -31500.0, 'Y': -13500.0, 'Z': 0.0}, 'shape': 'circle', 'dimensions': {'radius': 3000.0}}
14:59:58,735 GUI DEBUG Well C3 added 0 positions
14:59:58,735 GUI DEBUG Processing well: C4
14:59:58,735 GUI DEBUG Well C4 config: {'center': {'X': -22500.0, 'Y': -13500.0, 'Z': 0.0}, 'shape': 'circle', 'dimensions': {'radius': 3000.0}}
15:00:00,249 GUI DEBUG Well C4 added 0 positions
15:00:00,249 GUI DEBUG Processing well: C5
15:00:00,250 GUI DEBUG Well C5 config: {'center': {'X': -13500.0, 'Y': -13500.0, 'Z': 0.0}, 'shape': 'circle', 'dimensions': {'radius': 3000.0}}
15:00:01,457 GUI DEBUG Well C5 added 0 positions
15:00:01,457 GUI DEBUG Processing well: C6
15:00:01,457 GUI DEBUG Well C6 config: {'center': {'X': -4500.0, 'Y': -13500.0, 'Z': 0.0}, 'shape': 'circle', 'dimensions': {'radius': 3000.0}}
15:00:02,669 GUI DEBUG Well C6 added 0 positions
15:00:02,669 GUI DEBUG Processing well: C7
15:00:02,669 GUI DEBUG Well C7 config: {'center': {'X': 4500.0, 'Y': -13500.0, 'Z': 0.0}, 'shape': 'circle', 'dimensions': {'radius': 3000.0}}
15:00:04,140 GUI DEBUG Well C7 added 0 positions
15:00:04,140 GUI DEBUG Processing well: C8
15:00:04,140 GUI DEBUG Well C8 config: {'center': {'X': 13500.0, 'Y': -13500.0, 'Z': 0.0}, 'shape': 'circle', 'dimensions': {'radius': 3000.0}}
15:00:05,370 GUI DEBUG Well C8 added 0 positions
15:00:05,370 GUI DEBUG Processing well: C9
15:00:05,371 GUI DEBUG Well C9 config: {'center': {'X': 22500.0, 'Y': -13500.0, 'Z': 0.0}, 'shape': 'circle', 'dimensions': {'radius': 3000.0}}
15:00:06,578 GUI DEBUG Well C9 added 0 positions
15:00:06,578 GUI DEBUG Processing well: C10
15:00:06,578 GUI DEBUG Well C10 config: {'center': {'X': 31500.0, 'Y': -13500.0, 'Z': 0.0}, 'shape': 'circle', 'dimensions': {'radius': 3000.0}}
15:00:07,800 GUI DEBUG Well C10 added 0 positions
15:00:07,800 GUI DEBUG Processing well: C11
15:00:07,800 GUI DEBUG Well C11 config: {'center': {'X': 40500.0, 'Y': -13500.0, 'Z': 0.0}, 'shape': 'circle', 'dimensions': {'radius': 3000.0}}
15:00:09,493 GUI DEBUG Well C11 added 0 positions
15:00:09,493 GUI DEBUG Processing well: C12
15:00:09,493 GUI DEBUG Well C12 config: {'center': {'X': 49500.0, 'Y': -13500.0, 'Z': 0.0}, 'shape': 'circle', 'dimensions': {'radius': 3000.0}}
15:00:10,681 GUI DEBUG Well C12 added 0 positions
15:00:10,681 GUI DEBUG Processing well: D1
15:00:10,681 GUI DEBUG Well D1 config: {'center': {'X': -49500.0, 'Y': -4500.0, 'Z': 0.0}, 'shape': 'circle', 'dimensions': {'radius': 3000.0}}
15:00:11,865 GUI DEBUG Well D1 added 0 positions
15:00:11,865 GUI DEBUG Processing well: D2
15:00:11,865 GUI DEBUG Well D2 config: {'center': {'X': -40500.0, 'Y': -4500.0, 'Z': 0.0}, 'shape': 'circle', 'dimensions': {'radius': 3000.0}}
15:00:13,433 GUI DEBUG Well D2 added 0 positions
15:00:13,433 GUI DEBUG Processing well: D3
15:00:13,433 GUI DEBUG Well D3 config: {'center': {'X': -31500.0, 'Y': -4500.0, 'Z': 0.0}, 'shape': 'circle', 'dimensions': {'radius': 3000.0}}
15:00:14,621 GUI DEBUG Well D3 added 0 positions
15:00:14,621 GUI DEBUG Processing well: D4
15:00:14,621 GUI DEBUG Well D4 config: {'center': {'X': -22500.0, 'Y': -4500.0, 'Z': 0.0}, 'shape': 'circle', 'dimensions': {'radius': 3000.0}}
15:00:15,838 GUI DEBUG Well D4 added 0 positions
15:00:15,838 GUI DEBUG Processing well: D5
15:00:15,839 GUI DEBUG Well D5 config: {'center': {'X': -13500.0, 'Y': -4500.0, 'Z': 0.0}, 'shape': 'circle', 'dimensions': {'radius': 3000.0}}
15:00:17,63 GUI DEBUG Well D5 added 0 positions
15:00:17,63 GUI DEBUG Processing well: D6
15:00:17,64 GUI DEBUG Well D6 config: {'center': {'X': -4500.0, 'Y': -4500.0, 'Z': 0.0}, 'shape': 'circle', 'dimensions': {'radius': 3000.0}}
15:00:18,257 GUI DEBUG Well D6 added 877 positions
15:00:18,257 GUI DEBUG Processing well: D7
15:00:18,258 GUI DEBUG Well D7 config: {'center': {'X': 4500.0, 'Y': -4500.0, 'Z': 0.0}, 'shape': 'circle', 'dimensions': {'radius': 3000.0}}
15:00:19,205 GUI DEBUG Well D7 added 877 positions
15:00:19,205 GUI DEBUG Processing well: D8
15:00:19,206 GUI DEBUG Well D8 config: {'center': {'X': 13500.0, 'Y': -4500.0, 'Z': 0.0}, 'shape': 'circle', 'dimensions': {'radius': 3000.0}}
15:00:20,371 GUI DEBUG Well D8 added 0 positions
15:00:20,371 GUI DEBUG Processing well: D9
15:00:20,371 GUI DEBUG Well D9 config: {'center': {'X': 22500.0, 'Y': -4500.0, 'Z': 0.0}, 'shape': 'circle', 'dimensions': {'radius': 3000.0}}
15:00:21,556 GUI DEBUG Well D9 added 0 positions
15:00:21,556 GUI DEBUG Processing well: D10
15:00:21,556 GUI DEBUG Well D10 config: {'center': {'X': 31500.0, 'Y': -4500.0, 'Z': 0.0}, 'shape': 'circle', 'dimensions': {'radius': 3000.0}}
15:00:22,961 GUI DEBUG Well D10 added 0 positions
15:00:22,961 GUI DEBUG Processing well: D11
15:00:22,961 GUI DEBUG Well D11 config: {'center': {'X': 40500.0, 'Y': -4500.0, 'Z': 0.0}, 'shape': 'circle', 'dimensions': {'radius': 3000.0}}
15:00:24,194 GUI DEBUG Well D11 added 0 positions
15:00:24,194 GUI DEBUG Processing well: D12
15:00:24,194 GUI DEBUG Well D12 config: {'center': {'X': 49500.0, 'Y': -4500.0, 'Z': 0.0}, 'shape': 'circle', 'dimensions': {'radius': 3000.0}}
15:00:25,364 GUI DEBUG Well D12 added 0 positions
15:00:25,364 GUI DEBUG Processing well: E1
15:00:25,364 GUI DEBUG Well E1 config: {'center': {'X': -49500.0, 'Y': 4500.0, 'Z': 0.0}, 'shape': 'circle', 'dimensions': {'radius': 3000.0}}
15:00:26,544 GUI DEBUG Well E1 added 0 positions
15:00:26,544 GUI DEBUG Processing well: E2
15:00:26,544 GUI DEBUG Well E2 config: {'center': {'X': -40500.0, 'Y': 4500.0, 'Z': 0.0}, 'shape': 'circle', 'dimensions': {'radius': 3000.0}}
15:00:27,732 GUI DEBUG Well E2 added 0 positions
15:00:27,733 GUI DEBUG Processing well: E3
15:00:27,733 GUI DEBUG Well E3 config: {'center': {'X': -31500.0, 'Y': 4500.0, 'Z': 0.0}, 'shape': 'circle', 'dimensions': {'radius': 3000.0}}
15:00:29,135 GUI DEBUG Well E3 added 0 positions
15:00:29,135 GUI DEBUG Processing well: E4
15:00:29,135 GUI DEBUG Well E4 config: {'center': {'X': -22500.0, 'Y': 4500.0, 'Z': 0.0}, 'shape': 'circle', 'dimensions': {'radius': 3000.0}}
15:00:30,303 GUI DEBUG Well E4 added 0 positions
15:00:30,303 GUI DEBUG Processing well: E5
15:00:30,304 GUI DEBUG Well E5 config: {'center': {'X': -13500.0, 'Y': 4500.0, 'Z': 0.0}, 'shape': 'circle', 'dimensions': {'radius': 3000.0}}
15:00:31,467 GUI DEBUG Well E5 added 0 positions
15:00:31,467 GUI DEBUG Processing well: E6
15:00:31,467 GUI DEBUG Well E6 config: {'center': {'X': -4500.0, 'Y': 4500.0, 'Z': 0.0}, 'shape': 'circle', 'dimensions': {'radius': 3000.0}}
15:00:32,393 GUI DEBUG Well E6 added 877 positions
15:00:32,394 GUI DEBUG Processing well: E7
15:00:32,394 GUI DEBUG Well E7 config: {'center': {'X': 4500.0, 'Y': 4500.0, 'Z': 0.0}, 'shape': 'circle', 'dimensions': {'radius': 3000.0}}
15:00:33,335 GUI DEBUG Well E7 added 877 positions
15:00:33,336 GUI DEBUG Processing well: E8
15:00:33,336 GUI DEBUG Well E8 config: {'center': {'X': 13500.0, 'Y': 4500.0, 'Z': 0.0}, 'shape': 'circle', 'dimensions': {'radius': 3000.0}}
15:15:39,39 GUI INFO Scope daemon started
15:15:39,40 GUI INFO Fluidics daemon not implemented yet
15:15:40,212 GUI INFO GUI: Starting experiment creation...
15:15:40,229 GUI INFO GUI: Experiment creation started - use experimental setup panel to continue
15:15:41,533 GUI INFO Experiment info saved: New_Experiment by User for project New_Project
15:15:41,542 GUI INFO Attempting to get available plate configs...
15:15:41,542 GUI INFO Found available configs: ['example', 'example_6']
15:15:43,499 GUI INFO Positions GUI: Configuration type changed to: 'example'
15:15:43,500 GUI INFO Positions GUI: Loading plate config for: example
15:15:43,500 GUI INFO Positions GUI: Looking for config file: C:\GitRepos\pyScope\Plates\example.json
15:15:43,501 GUI INFO Positions GUI: Loaded plate config with 2 wells
15:15:43,501 GUI INFO Positions GUI: Successfully loaded 2 wells from example
15:15:44,982 GUI INFO Positions GUI: Create positions button clicked
15:15:44,984 GUI INFO Positions GUI: Selected configuration type: example
15:15:46,373 GUI INFO Positions GUI: Create positions button clicked
15:15:46,374 GUI INFO Positions GUI: Selected configuration type: example
15:15:46,783 GUI INFO Positions GUI: Create positions button clicked
15:15:46,783 GUI INFO Positions GUI: Selected configuration type: example
15:15:46,976 GUI INFO Positions GUI: Create positions button clicked
15:15:46,977 GUI INFO Positions GUI: Selected configuration type: example
15:23:01,162 GUI INFO Scope daemon started
15:23:01,162 GUI INFO Fluidics daemon not implemented yet
15:23:02,370 GUI INFO GUI: Starting experiment creation...
15:23:02,380 GUI INFO GUI: Experiment creation started - use experimental setup panel to continue
15:23:03,454 GUI INFO Experiment info saved: New_Experiment by User for project New_Project
15:23:03,468 GUI INFO Attempting to get available plate configs...
15:23:03,468 GUI INFO Found available configs: ['example', 'example_6']
15:23:05,916 GUI INFO Positions GUI: Configuration type changed to: 'example'
15:23:05,919 GUI INFO Positions GUI: Loading plate config for: example
15:23:05,920 GUI INFO Positions GUI: Looking for config file: C:\GitRepos\pyScope\Plates\example.json
15:23:05,923 GUI INFO Positions GUI: Loaded plate config with 2 wells
15:23:05,925 GUI INFO Positions GUI: Successfully loaded 2 wells from example
15:23:06,956 GUI INFO Positions GUI: Create positions button clicked
15:23:06,957 GUI INFO Positions GUI: Selected configuration type: example
15:24:09,350 GUI INFO Scope daemon started
15:24:09,350 GUI INFO Fluidics daemon not implemented yet
15:24:10,858 GUI INFO GUI: Starting experiment creation...
15:24:10,885 GUI INFO GUI: Experiment creation started - use experimental setup panel to continue
15:24:12,467 GUI INFO Experiment info saved: New_Experiment by User for project New_Project
15:24:12,477 GUI INFO Attempting to get available plate configs...
15:24:12,478 GUI INFO Found available configs: ['example', 'example_6']
15:24:14,640 GUI INFO Positions GUI: Configuration type changed to: 'example'
15:24:14,640 GUI INFO Positions GUI: Loading plate config for: example
15:24:14,640 GUI INFO Positions GUI: Looking for config file: C:\GitRepos\pyScope\Plates\example.json
15:24:14,641 GUI INFO Positions GUI: Loaded plate config with 2 wells
15:24:14,641 GUI INFO Positions GUI: Successfully loaded 2 wells from example
15:24:15,442 GUI INFO Positions GUI: Create positions button clicked
15:24:15,443 GUI INFO Positions GUI: Selected configuration type: example
15:24:15,496 GUI INFO Positions created successfully: 0 positions
15:25:10,248 GUI INFO GUI: Resetting experiment...
15:25:10,255 GUI INFO Removed file: Experiment_state.json
15:25:10,255 GUI INFO Removed file: Experiment_status.txt
15:25:10,256 GUI INFO Removed file: Scope_status.txt
15:25:10,257 GUI INFO Removed file: Fluidics_status.txt
15:25:10,260 GUI INFO All system files cleared and status reset to Idle
15:25:10,269 GUI INFO System variables cleared successfully
15:25:10,282 GUI INFO GUI reset to startup state
15:25:10,283 GUI INFO GUI: Experiment reset completed successfully
15:25:10,959 GUI INFO GUI: Starting experiment creation...
15:25:10,974 GUI INFO GUI: Experiment creation started - use experimental setup panel to continue
15:25:14,410 GUI INFO Experiment info saved: New_Experiment by User for project New_Project
15:25:14,420 GUI INFO Attempting to get available plate configs...
15:25:14,420 GUI INFO Found available configs: ['example', 'example_6']
15:25:18,911 GUI INFO Positions GUI: Configuration type changed to: 'Custom Grid'
15:25:21,293 GUI DEBUG Generated 6 wells for Custom Grid
15:25:21,293 GUI DEBUG Generated well names: ['A1', 'A2', 'A3', 'B1', 'B2', 'B3']
15:25:21,293 GUI DEBUG Well A1: center={'X': -1000.0, 'Y': -500.0, 'Z': 0.0}, shape=circle, dimensions={'radius': 500.0}
15:25:21,293 GUI DEBUG Well A2: center={'X': 0.0, 'Y': -500.0, 'Z': 0.0}, shape=circle, dimensions={'radius': 500.0}
15:25:21,294 GUI DEBUG Well A3: center={'X': 1000.0, 'Y': -500.0, 'Z': 0.0}, shape=circle, dimensions={'radius': 500.0}
15:25:21,294 GUI DEBUG Well B1: center={'X': -1000.0, 'Y': 500.0, 'Z': 0.0}, shape=circle, dimensions={'radius': 500.0}
15:25:21,294 GUI DEBUG Well B2: center={'X': 0.0, 'Y': 500.0, 'Z': 0.0}, shape=circle, dimensions={'radius': 500.0}
15:25:21,295 GUI DEBUG Well B3: center={'X': 1000.0, 'Y': 500.0, 'Z': 0.0}, shape=circle, dimensions={'radius': 500.0}
15:25:22,557 GUI INFO Positions GUI: Create positions button clicked
15:25:22,559 GUI INFO Positions GUI: Selected configuration type: Custom Grid
15:25:22,562 GUI DEBUG Starting position creation for Custom Grid
15:25:22,563 GUI DEBUG Generated wells available: ['A1', 'A2', 'A3', 'B1', 'B2', 'B3']
15:25:22,564 GUI DEBUG Apply offset correction: True
15:25:22,565 GUI DEBUG Processing well: A1
15:25:22,566 GUI DEBUG Well A1 config: {'center': {'X': -1000.0, 'Y': -500.0, 'Z': 0.0}, 'shape': 'circle', 'dimensions': {'radius': 500.0}}
15:25:22,582 GUI DEBUG Well A1 added 0 positions
15:25:22,582 GUI DEBUG Processing well: A2
15:25:22,582 GUI DEBUG Well A2 config: {'center': {'X': 0.0, 'Y': -500.0, 'Z': 0.0}, 'shape': 'circle', 'dimensions': {'radius': 500.0}}
15:25:22,593 GUI DEBUG Well A2 added 0 positions
15:25:22,594 GUI DEBUG Processing well: A3
15:25:22,594 GUI DEBUG Well A3 config: {'center': {'X': 1000.0, 'Y': -500.0, 'Z': 0.0}, 'shape': 'circle', 'dimensions': {'radius': 500.0}}
15:25:22,604 GUI DEBUG Well A3 added 0 positions
15:25:22,604 GUI DEBUG Processing well: B1
15:25:22,604 GUI DEBUG Well B1 config: {'center': {'X': -1000.0, 'Y': 500.0, 'Z': 0.0}, 'shape': 'circle', 'dimensions': {'radius': 500.0}}
15:25:22,616 GUI DEBUG Well B1 added 0 positions
15:25:22,616 GUI DEBUG Processing well: B2
15:25:22,617 GUI DEBUG Well B2 config: {'center': {'X': 0.0, 'Y': 500.0, 'Z': 0.0}, 'shape': 'circle', 'dimensions': {'radius': 500.0}}
15:25:22,628 GUI DEBUG Well B2 added 0 positions
15:25:22,628 GUI DEBUG Processing well: B3
15:25:22,629 GUI DEBUG Well B3 config: {'center': {'X': 1000.0, 'Y': 500.0, 'Z': 0.0}, 'shape': 'circle', 'dimensions': {'radius': 500.0}}
15:25:22,639 GUI DEBUG Well B3 added 0 positions
15:25:22,639 GUI DEBUG Total wells added: 6
15:25:22,639 GUI DEBUG Total positions added: 0
15:25:22,639 GUI DEBUG Final positions DataFrame shape: (0, 5)
15:25:22,640 GUI INFO Positions created successfully: 0 positions
15:26:24,533 GUI INFO Scope daemon started
15:26:24,534 GUI INFO Fluidics daemon not implemented yet
15:26:26,56 GUI INFO GUI: Starting experiment creation...
15:26:26,65 GUI INFO GUI: Experiment creation started - use experimental setup panel to continue
15:26:27,397 GUI INFO Experiment info saved: New_Experiment by User for project New_Project
15:26:27,414 GUI INFO Attempting to get available plate configs...
15:26:27,415 GUI INFO Found available configs: ['example', 'example_6']
15:26:29,63 GUI INFO Positions GUI: Configuration type changed to: 'example'
15:26:29,63 GUI INFO Positions GUI: Loading plate config for: example
15:26:29,63 GUI INFO Positions GUI: Looking for config file: C:\GitRepos\pyScope\Plates\example.json
15:26:29,64 GUI INFO Positions GUI: Loaded plate config with 2 wells
15:26:29,65 GUI INFO Positions GUI: Successfully loaded 2 wells from example
15:26:29,863 GUI INFO Positions GUI: Create positions button clicked
15:26:29,864 GUI INFO Positions GUI: Selected configuration type: example
15:26:29,898 GUI INFO Positions created successfully: 0 positions
15:29:14,701 GUI INFO GUI: Starting experiment creation...
15:29:14,723 GUI INFO GUI: Experiment creation started - use experimental setup panel to continue
15:29:16,85 GUI INFO GUI: Resetting experiment...
15:29:16,93 GUI INFO Removed file: Experiment_state.json
15:29:16,94 GUI INFO Removed file: Experiment_status.txt
15:29:16,94 GUI INFO Removed file: Scope_status.txt
15:29:16,95 GUI INFO Removed file: Fluidics_status.txt
15:29:16,105 GUI INFO All system files cleared and status reset to Idle
15:29:16,114 GUI INFO System variables cleared successfully
15:29:16,120 GUI INFO GUI reset to startup state
15:29:16,121 GUI INFO GUI: Experiment reset completed successfully
15:29:16,945 GUI INFO GUI: Starting experiment creation...
15:29:16,961 GUI INFO GUI: Experiment creation started - use experimental setup panel to continue
15:29:18,282 GUI INFO Experiment info saved: New_Experiment by User for project New_Project
15:29:18,297 GUI INFO Attempting to get available plate configs...
15:29:18,297 GUI INFO Found available configs: ['example', 'example_6']
15:29:21,496 GUI INFO Positions GUI: Configuration type changed to: 'Custom Grid'
15:30:24,368 GUI DEBUG Generated 6 wells for Custom Grid
15:30:24,368 GUI DEBUG Generated well names: ['A1', 'A2', 'A3', 'B1', 'B2', 'B3']
15:30:24,369 GUI DEBUG Well A1: center={'X': 9000.0, 'Y': 11500.0, 'Z': 1000.0}, shape=circle, dimensions={'radius': 500.0}
15:30:24,369 GUI DEBUG Well A2: center={'X': 10000.0, 'Y': 11500.0, 'Z': 1000.0}, shape=circle, dimensions={'radius': 500.0}
15:30:24,369 GUI DEBUG Well A3: center={'X': 11000.0, 'Y': 11500.0, 'Z': 1000.0}, shape=circle, dimensions={'radius': 500.0}
15:30:24,370 GUI DEBUG Well B1: center={'X': 9000.0, 'Y': 12500.0, 'Z': 1000.0}, shape=circle, dimensions={'radius': 500.0}
15:30:24,370 GUI DEBUG Well B2: center={'X': 10000.0, 'Y': 12500.0, 'Z': 1000.0}, shape=circle, dimensions={'radius': 500.0}
15:30:24,371 GUI DEBUG Well B3: center={'X': 11000.0, 'Y': 12500.0, 'Z': 1000.0}, shape=circle, dimensions={'radius': 500.0}
15:30:26,110 GUI INFO Positions GUI: Create positions button clicked
15:30:26,111 GUI INFO Positions GUI: Selected configuration type: Custom Grid
15:30:26,119 GUI DEBUG Starting position creation for Custom Grid
15:30:26,120 GUI DEBUG Generated wells available: ['A1', 'A2', 'A3', 'B1', 'B2', 'B3']
15:30:26,121 GUI DEBUG Apply offset correction: True
15:30:26,123 GUI DEBUG Processing well: A1
15:30:26,124 GUI DEBUG Well A1 config: {'center': {'X': 9000.0, 'Y': 11500.0, 'Z': 1000.0}, 'shape': 'circle', 'dimensions': {'radius': 500.0}}
15:30:26,158 GUI DEBUG Well A1 added 0 positions
15:30:26,159 GUI DEBUG Processing well: A2
15:30:26,160 GUI DEBUG Well A2 config: {'center': {'X': 10000.0, 'Y': 11500.0, 'Z': 1000.0}, 'shape': 'circle', 'dimensions': {'radius': 500.0}}
15:30:26,172 GUI DEBUG Well A2 added 0 positions
15:30:26,172 GUI DEBUG Processing well: A3
15:30:26,173 GUI DEBUG Well A3 config: {'center': {'X': 11000.0, 'Y': 11500.0, 'Z': 1000.0}, 'shape': 'circle', 'dimensions': {'radius': 500.0}}
15:30:26,183 GUI DEBUG Well A3 added 0 positions
15:30:26,184 GUI DEBUG Processing well: B1
15:30:26,184 GUI DEBUG Well B1 config: {'center': {'X': 9000.0, 'Y': 12500.0, 'Z': 1000.0}, 'shape': 'circle', 'dimensions': {'radius': 500.0}}
15:30:26,194 GUI DEBUG Well B1 added 0 positions
15:30:26,194 GUI DEBUG Processing well: B2
15:30:26,194 GUI DEBUG Well B2 config: {'center': {'X': 10000.0, 'Y': 12500.0, 'Z': 1000.0}, 'shape': 'circle', 'dimensions': {'radius': 500.0}}
15:30:26,204 GUI DEBUG Well B2 added 0 positions
15:30:26,204 GUI DEBUG Processing well: B3
15:30:26,204 GUI DEBUG Well B3 config: {'center': {'X': 11000.0, 'Y': 12500.0, 'Z': 1000.0}, 'shape': 'circle', 'dimensions': {'radius': 500.0}}
15:30:26,214 GUI DEBUG Well B3 added 0 positions
15:30:26,215 GUI DEBUG Total wells added: 6
15:30:26,215 GUI DEBUG Total positions added: 0
15:30:26,215 GUI DEBUG Final positions DataFrame shape: (0, 5)
15:30:26,215 GUI INFO Positions created successfully: 0 positions
15:30:30,12 GUI INFO GUI: Starting experiment creation...
15:30:30,48 GUI INFO GUI: Experiment creation started - use experimental setup panel to continue
15:30:32,83 GUI INFO Experiment info saved: New_Experiment by User for project New_Project
15:30:32,99 GUI INFO Attempting to get available plate configs...
15:30:32,99 GUI INFO Found available configs: ['example', 'example_6']
15:30:36,913 GUI INFO Positions GUI: Configuration type changed to: 'Custom Manual'
15:31:04,898 GUI INFO Positions GUI: Create positions button clicked
15:31:04,899 GUI INFO Positions GUI: Selected configuration type: Custom Manual
15:31:08,562 GUI INFO Positions GUI: Create positions button clicked
15:31:08,562 GUI INFO Positions GUI: Selected configuration type: Custom Manual
15:31:08,607 GUI INFO Positions created successfully: 0 positions
15:31:41,828 GUI INFO GUI: Starting experiment creation...
15:31:41,856 GUI INFO GUI: Experiment creation started - use experimental setup panel to continue
15:31:43,807 GUI INFO Experiment info saved: New_Experiment by User for project New_Project
15:31:43,816 GUI INFO Attempting to get available plate configs...
15:31:43,817 GUI INFO Found available configs: ['example', 'example_6']
15:31:46,662 GUI INFO Positions GUI: Configuration type changed to: 'Custom Manual'
15:32:33,935 GUI INFO Positions GUI: Create positions button clicked
15:32:33,935 GUI INFO Positions GUI: Selected configuration type: Custom Manual
15:32:33,986 GUI INFO Positions created successfully: 0 positions
15:34:42,873 GUI INFO Scope daemon started
15:34:42,873 GUI INFO Fluidics daemon not implemented yet
15:34:44,693 GUI INFO GUI: Starting experiment creation...
15:34:44,718 GUI INFO GUI: Experiment creation started - use experimental setup panel to continue
15:34:46,182 GUI INFO Experiment info saved: New_Experiment by User for project New_Project
15:34:46,203 GUI INFO Attempting to get available plate configs...
15:34:46,204 GUI INFO Found available configs: ['example', 'example_6']
15:34:48,841 GUI INFO Positions GUI: Configuration type changed to: 'Custom Manual'
15:35:34,193 GUI INFO Positions GUI: Create positions button clicked
15:35:34,193 GUI INFO Positions GUI: Selected configuration type: Custom Manual
15:35:37,352 GUI INFO Positions created successfully: 0 positions
15:39:08,463 GUI INFO Scope daemon started
15:39:08,464 GUI INFO Fluidics daemon not implemented yet
15:39:09,992 GUI INFO GUI: Starting experiment creation...
15:39:10,6 GUI INFO GUI: Experiment creation started - use experimental setup panel to continue
15:39:10,952 GUI INFO Experiment info saved: New_Experiment by User for project New_Project
15:39:10,964 GUI INFO Attempting to get available plate configs...
15:39:10,965 GUI INFO Found available configs: ['example', 'example_6']
15:39:13,356 GUI INFO Positions GUI: Configuration type changed to: 'Custom Manual'
15:39:33,832 GUI INFO Positions GUI: Create positions button clicked
15:39:33,832 GUI INFO Positions GUI: Selected configuration type: Custom Manual
15:39:33,928 GUI INFO Positions created successfully: 57 positions
15:39:41,996 GUI INFO Filtered positions: 57 -> 57 (removed 0 positions from wells without groups)
15:39:42,7 GUI INFO Group assignments: {'A': 'Group 1'}
15:39:42,8 GUI INFO Fluidics well assignments: {'A': 'A'}
15:39:42,8 GUI INFO Selected channels: ['FarRed', 'DeepBlue', 'Green', 'Orange']
15:39:42,9 GUI INFO Channel exposure: {'FarRed': 500, 'DeepBlue': 500, 'Green': 500, 'Orange': 500}
15:39:42,10 GUI INFO Fluidics protocols: ['hybe', 'strip']
15:39:42,10 GUI INFO Number of hybes: 18
15:39:42,11 GUI INFO Configuration saved successfully!
15:39:42,53 GUI INFO Experiment setup completed successfully!
15:41:27,338 GUI INFO Scope daemon started
15:41:27,339 GUI INFO Fluidics daemon not implemented yet
15:41:29,132 GUI INFO GUI: Starting experiment creation...
15:41:29,146 GUI INFO GUI: Experiment creation started - use experimental setup panel to continue
15:41:30,386 GUI INFO Experiment info saved: New_Experiment by User for project New_Project
15:41:30,397 GUI INFO Attempting to get available plate configs...
15:41:30,398 GUI INFO Found available configs: ['example', 'example_6']
15:46:48,646 GUI INFO Scope daemon started
15:46:48,646 GUI INFO Fluidics daemon not implemented yet
15:46:50,18 GUI INFO GUI: Starting experiment creation...
15:46:50,33 GUI INFO GUI: Experiment creation started - use experimental setup panel to continue
15:46:51,484 GUI INFO Experiment info saved: New_Experiment by User for project New_Project
15:46:51,496 GUI INFO Attempting to get available plate configs...
15:46:51,497 GUI INFO Found available configs: ['example', 'example_6']
15:46:56,947 GUI INFO Positions GUI: Configuration type changed to: 'Custom Manual'
15:47:14,583 GUI INFO Positions GUI: Create positions button clicked
15:47:14,584 GUI INFO Positions GUI: Selected configuration type: Custom Manual
15:47:14,687 GUI INFO Positions created successfully: 57 positions
15:47:17,525 GUI INFO Filtered positions: 57 -> 57 (removed 0 positions from wells without groups)
15:47:17,533 GUI INFO Group assignments: {'A': 'Group 1'}
15:47:17,534 GUI INFO Fluidics well assignments: {'A': 'A'}
15:47:17,534 GUI INFO Selected channels: ['FarRed', 'DeepBlue', 'Green', 'Orange']
15:47:17,534 GUI INFO Channel exposure: {'FarRed': 500, 'DeepBlue': 500, 'Green': 500, 'Orange': 500}
15:47:17,535 GUI INFO Fluidics protocols: ['hybe', 'strip']
15:47:17,535 GUI INFO Number of hybes: 18
15:47:17,535 GUI INFO Configuration saved successfully!
15:47:17,569 GUI INFO Experiment setup completed successfully!
15:50:58,725 GUI INFO Scope daemon started
15:50:58,725 GUI INFO Fluidics daemon not implemented yet
15:51:00,34 GUI INFO GUI: Starting experiment creation...
15:51:00,42 GUI INFO GUI: Experiment creation started - use experimental setup panel to continue
15:51:01,331 GUI INFO Experiment info saved: New_Experiment by User for project New_Project
15:51:01,346 GUI INFO Attempting to get available plate configs...
15:51:01,347 GUI INFO Found available configs: ['example', 'example_6']
15:51:03,728 GUI INFO Positions GUI: Configuration type changed to: 'Custom Manual'
15:51:23,615 GUI INFO Positions GUI: Create positions button clicked
15:51:23,615 GUI INFO Positions GUI: Selected configuration type: Custom Manual
15:51:23,938 GUI INFO Positions created successfully: 57 positions
15:51:27,124 GUI INFO Filtered positions: 57 -> 57 (removed 0 positions from wells without groups)
15:51:27,128 GUI INFO Group assignments: {'A': 'Group 1'}
15:51:27,128 GUI INFO Fluidics well assignments: {'A': 'A'}
15:51:27,128 GUI INFO Selected channels: ['FarRed', 'DeepBlue', 'Green', 'Orange']
15:51:27,129 GUI INFO Channel exposure: {'FarRed': 500, 'DeepBlue': 500, 'Green': 500, 'Orange': 500}
15:51:27,129 GUI INFO Fluidics protocols: ['hybe', 'strip']
15:51:27,129 GUI INFO Number of hybes: 18
15:51:27,130 GUI INFO Configuration saved successfully!
15:51:27,164 GUI INFO Experiment setup completed successfully!
15:55:00,93 GUI INFO Scope daemon started
15:55:00,93 GUI INFO Fluidics daemon not implemented yet
15:55:02,166 GUI INFO GUI: Resetting experiment...
15:55:02,172 GUI INFO Removed file: Experiment_state.json
15:55:02,173 GUI INFO Removed file: Positions.csv
15:55:02,174 GUI INFO Removed file: Experiment_tasks.csv
15:55:02,174 GUI INFO Removed file: Experiment_status.txt
15:55:02,175 GUI INFO Removed file: Scope_status.txt
15:55:02,176 GUI INFO Removed file: Fluidics_status.txt
15:55:02,179 GUI INFO All system files cleared and status reset to Idle
15:55:02,194 GUI INFO System variables cleared successfully
15:55:02,196 GUI INFO GUI reset to startup state
15:55:02,196 GUI INFO GUI: Experiment reset completed successfully
15:55:02,830 GUI INFO GUI: Starting experiment creation...
15:55:02,841 GUI INFO GUI: Experiment creation started - use experimental setup panel to continue
15:55:04,24 GUI INFO Experiment info saved: New_Experiment by User for project New_Project
15:55:04,36 GUI INFO Attempting to get available plate configs...
15:55:04,37 GUI INFO Found available configs: ['example', 'example_6']
15:55:06,180 GUI INFO Positions GUI: Configuration type changed to: 'Custom Manual'
15:55:23,896 GUI INFO Manual configuration saved: C:\GitRepos\pyScope\Plates\Testing.json
15:55:27,2 GUI INFO Positions GUI: Create positions button clicked
15:55:27,3 GUI INFO Positions GUI: Selected configuration type: Custom Manual
15:55:27,99 GUI INFO Positions created successfully: 57 positions
15:55:29,822 GUI INFO Filtered positions: 57 -> 57 (removed 0 positions from wells without groups)
15:55:29,834 GUI INFO Group assignments: {'A': 'Group 1'}
15:55:29,835 GUI INFO Fluidics well assignments: {'A': 'A'}
15:55:29,836 GUI INFO Selected channels: ['FarRed', 'DeepBlue', 'Green', 'Orange']
15:55:29,838 GUI INFO Channel exposure: {'FarRed': 500, 'DeepBlue': 500, 'Green': 500, 'Orange': 500}
15:55:29,839 GUI INFO Fluidics protocols: ['hybe', 'strip']
15:55:29,840 GUI INFO Number of hybes: 18
15:55:29,841 GUI INFO Configuration saved successfully!
15:55:29,876 GUI INFO Experiment setup completed successfully!
15:56:05,276 GUI INFO Scope daemon started
15:56:05,277 GUI INFO Fluidics daemon not implemented yet
15:56:06,637 GUI INFO GUI: Starting experiment creation...
15:56:06,651 GUI INFO GUI: Experiment creation started - use experimental setup panel to continue
15:56:10,403 GUI INFO Experiment info saved: New_Experiment by User for project New_Project
15:56:10,420 GUI INFO Attempting to get available plate configs...
15:56:10,420 GUI INFO Found available configs: ['Testing', 'example', 'example_6']
15:56:12,932 GUI INFO Positions GUI: Configuration type changed to: 'Testing'
15:56:12,932 GUI INFO Positions GUI: Loading plate config for: Testing
15:56:12,932 GUI INFO Positions GUI: Looking for config file: C:\GitRepos\pyScope\Plates\Testing.json
15:56:12,941 GUI INFO Positions GUI: Loaded plate config with 1 wells
15:56:12,941 GUI INFO Positions GUI: Successfully loaded 1 wells from Testing
15:56:13,779 GUI INFO Positions GUI: Create positions button clicked
15:56:13,780 GUI INFO Positions GUI: Selected configuration type: Testing
15:56:13,897 GUI INFO Positions created successfully: 57 positions
15:56:16,931 GUI INFO Filtered positions: 57 -> 57 (removed 0 positions from wells without groups)
15:56:16,935 GUI INFO Group assignments: {'A': 'Group 1'}
15:56:16,936 GUI INFO Fluidics well assignments: {'A': 'A'}
15:56:16,936 GUI INFO Selected channels: ['FarRed', 'DeepBlue', 'Green', 'Orange']
15:56:16,937 GUI INFO Channel exposure: {'FarRed': 500, 'DeepBlue': 500, 'Green': 500, 'Orange': 500}
15:56:16,937 GUI INFO Fluidics protocols: ['hybe', 'strip']
15:56:16,937 GUI INFO Number of hybes: 18
15:56:16,938 GUI INFO Configuration saved successfully!
15:56:16,980 GUI INFO Experiment setup completed successfully!
15:56:24,796 GUI INFO GUI: Starting experiment creation...
15:56:24,822 GUI INFO GUI: Experiment creation started - use experimental setup panel to continue
15:59:21,73 GUI INFO Scope daemon started
15:59:21,74 GUI INFO Fluidics daemon not implemented yet
15:59:22,831 GUI INFO GUI: Resetting experiment...
15:59:22,844 GUI INFO Removed file: Experiment_state.json
15:59:22,845 GUI INFO Removed file: Positions.csv
15:59:22,846 GUI INFO Removed file: Experiment_tasks.csv
15:59:22,847 GUI INFO Removed file: Experiment_status.txt
15:59:22,848 GUI INFO Removed file: Scope_status.txt
15:59:22,849 GUI INFO Removed file: Fluidics_status.txt
15:59:22,852 GUI INFO All system files cleared and status reset to Idle
15:59:22,867 GUI INFO System variables cleared successfully
15:59:22,869 GUI INFO GUI reset to startup state
15:59:22,869 GUI INFO GUI: Experiment reset completed successfully
15:59:23,785 GUI INFO GUI: Starting experiment creation...
15:59:23,793 GUI INFO GUI: Experiment creation started - use experimental setup panel to continue
15:59:25,203 GUI INFO Experiment info saved: New_Experiment by User for project New_Project
15:59:25,217 GUI INFO Attempting to get available plate configs...
15:59:25,218 GUI INFO Found available configs: ['Testing', 'example', 'example_6']
16:04:31,316 GUI INFO Scope daemon started
16:04:31,316 GUI INFO Fluidics daemon not implemented yet
16:04:33,317 GUI INFO GUI: Starting experiment creation...
16:04:33,334 GUI INFO GUI: Experiment creation started - use experimental setup panel to continue
16:04:35,983 GUI INFO GUI: Resetting experiment...
16:04:36,14 GUI INFO Removed file: Experiment_state.json
16:04:36,16 GUI INFO Removed file: Experiment_status.txt
16:04:36,18 GUI INFO Removed file: Scope_status.txt
16:04:36,19 GUI INFO Removed file: Fluidics_status.txt
16:04:36,25 GUI INFO All system files cleared and status reset to Idle
16:04:36,41 GUI INFO System variables cleared successfully
16:04:36,46 GUI INFO GUI reset to startup state
16:04:36,47 GUI INFO GUI: Experiment reset completed successfully
16:04:37,467 GUI INFO GUI: Starting experiment creation...
16:04:37,476 GUI INFO GUI: Experiment creation started - use experimental setup panel to continue
16:04:38,854 GUI INFO Experiment info saved: New_Experiment by User for project New_Project
16:04:38,866 GUI INFO Attempting to get available plate configs...
16:04:38,867 GUI INFO Found available configs: ['Testing', 'example', 'example_6']
16:04:41,823 GUI INFO Positions GUI: Configuration type changed to: 'Testing'
16:04:41,825 GUI INFO Positions GUI: Loading plate config for: Testing
16:04:41,826 GUI INFO Positions GUI: Looking for config file: C:\GitRepos\pyScope\Plates\Testing.json
16:04:41,828 GUI INFO Positions GUI: Loaded plate config with 1 wells
16:04:41,829 GUI INFO Positions GUI: Successfully loaded 1 wells from Testing
16:04:43,427 GUI INFO Positions GUI: Create positions button clicked
16:04:43,428 GUI INFO Positions GUI: Selected configuration type: Testing
16:04:43,532 GUI INFO Positions created successfully: 57 positions
16:04:46,259 GUI INFO Filtered positions: 57 -> 57 (removed 0 positions from wells without groups)
16:04:46,272 GUI INFO Group assignments: {'A': 'Group 1'}
16:04:46,273 GUI INFO Fluidics well assignments: {'A': 'A'}
16:04:46,274 GUI INFO Selected channels: ['FarRed', 'DeepBlue', 'Green', 'Orange']
16:04:46,276 GUI INFO Channel exposure: {'FarRed': 500, 'DeepBlue': 500, 'Green': 500, 'Orange': 500}
16:04:46,277 GUI INFO Fluidics protocols: ['hybe', 'strip']
16:04:46,278 GUI INFO Number of hybes: 18
16:04:46,279 GUI INFO Configuration saved successfully!
16:04:46,320 GUI INFO Experiment setup completed successfully!
16:05:54,230 GUI INFO Scope daemon started
16:05:54,230 GUI INFO Fluidics daemon not implemented yet
16:05:55,837 GUI INFO GUI: Starting experiment creation...
16:05:55,847 GUI INFO GUI: Experiment creation started - use experimental setup panel to continue
16:05:57,40 GUI INFO Experiment info saved: New_Experiment by User for project New_Project
16:05:57,106 GUI INFO Attempting to get available plate configs...
16:05:57,109 GUI INFO Found available configs: ['Testing', 'example', 'example_6']
16:05:58,347 GUI INFO GUI: Resetting experiment...
16:05:58,356 GUI INFO Removed file: Experiment_state.json
16:05:58,356 GUI INFO Removed file: Positions.csv
16:05:58,357 GUI INFO Removed file: Experiment_tasks.csv
16:05:58,358 GUI INFO Removed file: Experiment_status.txt
16:05:58,359 GUI INFO Removed file: Scope_status.txt
16:05:58,359 GUI INFO Removed file: Fluidics_status.txt
16:05:58,362 GUI INFO All system files cleared and status reset to Idle
16:05:58,376 GUI INFO System variables cleared successfully
16:05:58,379 GUI INFO GUI reset to startup state
16:05:58,380 GUI INFO GUI: Experiment reset completed successfully
16:05:59,109 GUI INFO GUI: Starting experiment creation...
16:05:59,122 GUI INFO GUI: Experiment creation started - use experimental setup panel to continue
16:06:00,371 GUI INFO Experiment info saved: New_Experiment by User for project New_Project
16:06:00,382 GUI INFO Attempting to get available plate configs...
16:06:00,382 GUI INFO Found available configs: ['Testing', 'example', 'example_6']
16:06:02,483 GUI INFO Positions GUI: Configuration type changed to: 'Testing'
16:06:02,485 GUI INFO Positions GUI: Loading plate config for: Testing
16:06:02,486 GUI INFO Positions GUI: Looking for config file: C:\GitRepos\pyScope\Plates\Testing.json
16:06:02,489 GUI INFO Positions GUI: Loaded plate config with 1 wells
16:06:02,491 GUI INFO Positions GUI: Successfully loaded 1 wells from Testing
16:06:03,249 GUI INFO Positions GUI: Create positions button clicked
16:06:03,250 GUI INFO Positions GUI: Selected configuration type: Testing
16:06:03,349 GUI INFO Positions created successfully: 57 positions
16:06:05,621 GUI INFO Filtered positions: 57 -> 57 (removed 0 positions from wells without groups)
16:06:05,634 GUI INFO Group assignments: {'A': 'Group 1'}
16:06:05,635 GUI INFO Fluidics well assignments: {'A': 'A'}
16:06:05,636 GUI INFO Selected channels: ['FarRed', 'DeepBlue', 'Green', 'Orange']
16:06:05,638 GUI INFO Channel exposure: {'FarRed': 500, 'DeepBlue': 500, 'Green': 500, 'Orange': 500}
16:06:05,639 GUI INFO Fluidics protocols: ['hybe', 'strip']
16:06:05,640 GUI INFO Number of hybes: 18
16:06:05,641 GUI INFO Configuration saved successfully!
16:06:05,689 GUI INFO Experiment setup completed successfully!
16:06:58,773 GUI INFO Scope daemon started
16:06:58,773 GUI INFO Fluidics daemon not implemented yet
16:07:00,444 GUI INFO GUI: Resetting experiment...
16:07:00,449 GUI INFO Removed file: Experiment_state.json
16:07:00,450 GUI INFO Removed file: Positions.csv
16:07:00,451 GUI INFO Removed file: Experiment_tasks.csv
16:07:00,451 GUI INFO Removed file: Experiment_status.txt
16:07:00,452 GUI INFO Removed file: Scope_status.txt
16:07:00,453 GUI INFO Removed file: Fluidics_status.txt
16:07:00,455 GUI INFO All system files cleared and status reset to Idle
16:07:00,471 GUI INFO System variables cleared successfully
16:07:00,474 GUI INFO GUI reset to startup state
16:07:00,475 GUI INFO GUI: Experiment reset completed successfully
16:07:01,111 GUI INFO GUI: Starting experiment creation...
16:07:01,121 GUI INFO GUI: Experiment creation started - use experimental setup panel to continue
16:07:02,303 GUI INFO Experiment info saved: New_Experiment by User for project New_Project
16:07:02,327 GUI INFO Attempting to get available plate configs...
16:07:02,328 GUI INFO Found available configs: ['Testing', 'example', 'example_6']
16:07:04,293 GUI INFO Positions GUI: Configuration type changed to: 'Testing'
16:07:04,294 GUI INFO Positions GUI: Loading plate config for: Testing
16:07:04,295 GUI INFO Positions GUI: Looking for config file: C:\GitRepos\pyScope\Plates\Testing.json
16:07:04,297 GUI INFO Positions GUI: Loaded plate config with 1 wells
16:07:04,298 GUI INFO Positions GUI: Successfully loaded 1 wells from Testing
16:07:05,102 GUI INFO Positions GUI: Create positions button clicked
16:07:05,104 GUI INFO Positions GUI: Selected configuration type: Testing
16:07:05,239 GUI INFO Positions created successfully: 57 positions
16:07:07,680 GUI INFO Filtered positions: 57 -> 57 (removed 0 positions from wells without groups)
16:07:07,683 GUI INFO Group assignments: {'A': 'Group 1'}
16:07:07,684 GUI INFO Fluidics well assignments: {'A': 'A'}
16:07:07,684 GUI INFO Selected channels: ['FarRed', 'DeepBlue', 'Green', 'Orange']
16:07:07,685 GUI INFO Channel exposure: {'FarRed': 500, 'DeepBlue': 500, 'Green': 500, 'Orange': 500}
16:07:07,685 GUI INFO Fluidics protocols: ['hybe', 'strip']
16:07:07,685 GUI INFO Number of hybes: 18
16:07:07,686 GUI INFO Configuration saved successfully!
16:07:07,719 GUI INFO Experiment setup completed successfully!
16:08:08,224 GUI INFO Scope daemon started
16:08:08,225 GUI INFO Fluidics daemon not implemented yet
16:08:09,845 GUI INFO GUI: Resetting experiment...
16:08:09,851 GUI INFO Removed file: Experiment_state.json
16:08:09,852 GUI INFO Removed file: Positions.csv
16:08:09,852 GUI INFO Removed file: Experiment_tasks.csv
16:08:09,853 GUI INFO Removed file: Experiment_status.txt
16:08:09,853 GUI INFO Removed file: Scope_status.txt
16:08:09,854 GUI INFO Removed file: Fluidics_status.txt
16:08:09,856 GUI INFO All system files cleared and status reset to Idle
16:08:09,870 GUI INFO System variables cleared successfully
16:08:09,872 GUI INFO GUI reset to startup state
16:08:09,872 GUI INFO GUI: Experiment reset completed successfully
16:08:10,873 GUI INFO GUI: Starting experiment creation...
16:08:10,884 GUI INFO GUI: Experiment creation started - use experimental setup panel to continue
16:08:12,64 GUI INFO Experiment info saved: New_Experiment by User for project New_Project
16:08:12,74 GUI INFO Attempting to get available plate configs...
16:08:12,75 GUI INFO Found available configs: ['Testing', 'example', 'example_6']
16:08:14,680 GUI INFO Positions GUI: Configuration type changed to: 'Testing'
16:08:14,681 GUI INFO Positions GUI: Loading plate config for: Testing
16:08:14,681 GUI INFO Positions GUI: Looking for config file: C:\GitRepos\pyScope\Plates\Testing.json
16:08:14,682 GUI INFO Positions GUI: Loaded plate config with 1 wells
16:08:14,684 GUI INFO Positions GUI: Successfully loaded 1 wells from Testing
16:08:15,550 GUI INFO Positions GUI: Create positions button clicked
16:08:15,550 GUI INFO Positions GUI: Selected configuration type: Testing
16:08:15,652 GUI INFO Positions created successfully: 57 positions
16:08:18,658 GUI INFO Filtered positions: 57 -> 57 (removed 0 positions from wells without groups)
16:08:18,664 GUI INFO Group assignments: {'A': 'Group 1'}
16:08:18,665 GUI INFO Fluidics well assignments: {'A': 'A'}
16:08:18,665 GUI INFO Selected channels: ['FarRed', 'DeepBlue', 'Green', 'Orange']
16:08:18,666 GUI INFO Channel exposure: {'FarRed': 500, 'DeepBlue': 500, 'Green': 500, 'Orange': 500}
16:08:18,667 GUI INFO Fluidics protocols: ['hybe', 'strip']
16:08:18,667 GUI INFO Number of hybes: 18
16:08:18,668 GUI INFO Configuration saved successfully!
16:08:18,714 GUI INFO Experiment setup completed successfully!
16:08:25,565 GUI INFO GUI: Resetting experiment...
16:08:25,572 GUI INFO Removed file: Experiment_state.json
16:08:25,573 GUI INFO Removed file: Positions.csv
16:08:25,574 GUI INFO Removed file: Experiment_tasks.csv
16:08:25,574 GUI INFO Removed file: Experiment_status.txt
16:08:25,575 GUI INFO Removed file: Scope_status.txt
16:08:25,575 GUI INFO Removed file: Fluidics_status.txt
16:08:25,578 GUI INFO All system files cleared and status reset to Idle
16:08:25,590 GUI INFO System variables cleared successfully
16:08:25,591 GUI INFO GUI reset to startup state
16:08:25,592 GUI INFO GUI: Experiment reset completed successfully
16:14:19,164 GUI INFO Scope daemon started
16:14:19,165 GUI INFO Fluidics daemon not implemented yet
16:14:20,552 GUI INFO GUI: Starting experiment creation...
16:14:20,576 GUI INFO GUI: Experiment creation started - use experimental setup panel to continue
16:14:22,893 GUI INFO Experiment info saved: New_Experiment by User for project New_Project
16:14:22,914 GUI INFO Attempting to get available plate configs...
16:14:22,915 GUI INFO Found available configs: ['Testing', 'example', 'example_6']
16:14:24,527 GUI INFO GUI: Resetting experiment...
16:14:24,540 GUI INFO Removed file: Experiment_state.json
16:14:24,541 GUI INFO Removed file: Experiment_status.txt
16:14:24,542 GUI INFO Removed file: Scope_status.txt
16:14:24,542 GUI INFO Removed file: Fluidics_status.txt
16:14:24,545 GUI INFO All system files cleared and status reset to Idle
16:14:24,555 GUI INFO System variables cleared successfully
16:14:24,559 GUI INFO GUI reset to startup state
16:14:24,559 GUI INFO GUI: Experiment reset completed successfully
16:14:25,588 GUI INFO GUI: Starting experiment creation...
16:14:25,621 GUI INFO GUI: Experiment creation started - use experimental setup panel to continue
16:14:27,860 GUI INFO Experiment info saved: New_Experiment by User for project New_Project
16:14:27,884 GUI INFO Attempting to get available plate configs...
16:14:27,884 GUI INFO Found available configs: ['Testing', 'example', 'example_6']
16:14:37,383 GUI INFO Positions GUI: Configuration type changed to: 'Testing'
16:14:37,384 GUI INFO Positions GUI: Loading plate config for: Testing
16:14:37,385 GUI INFO Positions GUI: Looking for config file: C:\GitRepos\pyScope\Plates\Testing.json
16:14:37,386 GUI INFO Positions GUI: Loaded plate config with 1 wells
16:14:37,387 GUI INFO Positions GUI: Successfully loaded 1 wells from Testing
16:14:38,239 GUI INFO Positions GUI: Create positions button clicked
16:14:38,239 GUI INFO Positions GUI: Selected configuration type: Testing
16:14:38,340 GUI INFO Positions created successfully: 57 positions
16:14:41,255 GUI INFO Filtered positions: 57 -> 57 (removed 0 positions from wells without groups)
16:14:41,260 GUI INFO Group assignments: {'A': 'Group 1'}
16:14:41,260 GUI INFO Fluidics well assignments: {'A': 'A'}
16:14:41,262 GUI INFO Selected channels: ['FarRed', 'DeepBlue', 'Green', 'Orange']
16:14:41,262 GUI INFO Channel exposure: {'FarRed': 500, 'DeepBlue': 500, 'Green': 500, 'Orange': 500}
16:14:41,262 GUI INFO Fluidics protocols: ['hybe', 'strip']
16:14:41,263 GUI INFO Number of hybes: 18
16:14:41,263 GUI INFO Configuration saved successfully!
16:14:41,296 GUI INFO Experiment setup completed successfully!
16:15:03,168 GUI INFO Scope daemon started
16:15:03,168 GUI INFO Fluidics daemon not implemented yet
16:15:06,683 GUI INFO GUI: Resetting experiment...
16:15:06,689 GUI INFO Removed file: Experiment_state.json
16:15:06,690 GUI INFO Removed file: Positions.csv
16:15:06,691 GUI INFO Removed file: Experiment_tasks.csv
16:15:06,691 GUI INFO Removed file: Experiment_status.txt
16:15:06,692 GUI INFO Removed file: Scope_status.txt
16:15:06,693 GUI INFO Removed file: Fluidics_status.txt
16:15:06,696 GUI INFO All system files cleared and status reset to Idle
16:15:06,714 GUI INFO System variables cleared successfully
16:15:06,716 GUI INFO GUI reset to startup state
16:15:06,716 GUI INFO GUI: Experiment reset completed successfully
16:15:08,312 GUI INFO GUI: Starting experiment creation...
16:15:08,325 GUI INFO GUI: Experiment creation started - use experimental setup panel to continue
16:15:09,715 GUI INFO Experiment info saved: New_Experiment by User for project New_Project
16:15:09,727 GUI INFO Attempting to get available plate configs...
16:15:09,727 GUI INFO Found available configs: ['Testing', 'example', 'example_6']
16:15:12,742 GUI INFO Positions GUI: Configuration type changed to: 'Testing'
16:15:12,742 GUI INFO Positions GUI: Loading plate config for: Testing
16:15:12,743 GUI INFO Positions GUI: Looking for config file: C:\GitRepos\pyScope\Plates\Testing.json
16:15:12,743 GUI INFO Positions GUI: Loaded plate config with 1 wells
16:15:12,744 GUI INFO Positions GUI: Successfully loaded 1 wells from Testing
16:15:13,613 GUI INFO Positions GUI: Create positions button clicked
16:15:13,613 GUI INFO Positions GUI: Selected configuration type: Testing
16:15:13,710 GUI INFO Positions created successfully: 57 positions
16:15:16,276 GUI INFO Filtered positions: 57 -> 57 (removed 0 positions from wells without groups)
16:15:16,289 GUI INFO Group assignments: {'A': 'Group 1'}
16:15:16,290 GUI INFO Fluidics well assignments: {'A': 'A'}
16:15:16,292 GUI INFO Selected channels: ['FarRed', 'DeepBlue', 'Green', 'Orange']
16:15:16,293 GUI INFO Channel exposure: {'FarRed': 500, 'DeepBlue': 500, 'Green': 500, 'Orange': 500}
16:15:16,294 GUI INFO Fluidics protocols: ['hybe', 'strip']
16:15:16,296 GUI INFO Number of hybes: 18
16:15:16,297 GUI INFO Configuration saved successfully!
16:15:16,335 GUI INFO Experiment setup completed successfully!
16:15:22,563 GUI INFO GUI: Resetting experiment...
16:15:22,575 GUI INFO Removed file: Experiment_state.json
16:15:22,576 GUI INFO Removed file: Positions.csv
16:15:22,577 GUI INFO Removed file: Experiment_tasks.csv
16:15:22,577 GUI INFO Removed file: Experiment_status.txt
16:15:22,578 GUI INFO Removed file: Scope_status.txt
16:15:22,578 GUI INFO Removed file: Fluidics_status.txt
16:15:22,581 GUI INFO All system files cleared and status reset to Idle
16:15:22,595 GUI INFO System variables cleared successfully
16:15:22,596 GUI INFO GUI reset to startup state
16:15:22,596 GUI INFO GUI: Experiment reset completed successfully
16:32:02,230 GUI INFO Scope daemon started
16:32:02,230 GUI INFO Fluidics daemon not implemented yet
16:32:04,174 GUI INFO GUI: Starting experiment creation...
16:32:04,191 GUI INFO GUI: Experiment creation started - use experimental setup panel to continue
16:32:06,242 GUI INFO Experiment info saved: New_Experiment by User for project New_Project
16:32:06,266 GUI INFO Attempting to get available plate configs...
16:32:06,267 GUI INFO Found available configs: ['Testing', 'example', 'example_6']
16:32:09,282 GUI INFO Positions GUI: Configuration type changed to: 'Testing'
16:32:09,284 GUI INFO Positions GUI: Loading plate config for: Testing
16:32:09,284 GUI INFO Positions GUI: Looking for config file: C:\GitRepos\pyScope\Plates\Testing.json
16:32:09,285 GUI INFO Positions GUI: Loaded plate config with 1 wells
16:32:09,286 GUI INFO Positions GUI: Successfully loaded 1 wells from Testing
16:32:10,30 GUI INFO Positions GUI: Create positions button clicked
16:32:10,30 GUI INFO Positions GUI: Selected configuration type: Testing
16:32:10,132 GUI INFO Positions created successfully: 57 positions
16:32:12,453 GUI INFO Filtered positions: 57 -> 57 (removed 0 positions from wells without groups)
16:32:12,457 GUI INFO Group assignments: {'A': 'Group 1'}
16:32:12,457 GUI INFO Fluidics well assignments: {'A': 'A'}
16:32:12,457 GUI INFO Selected channels: ['FarRed', 'DeepBlue', 'Green', 'Orange']
16:32:12,457 GUI INFO Channel exposure: {'FarRed': 500, 'DeepBlue': 500, 'Green': 500, 'Orange': 500}
16:32:12,457 GUI INFO Fluidics protocols: ['hybe', 'strip']
16:32:12,458 GUI INFO Number of hybes: 18
16:32:12,458 GUI INFO Configuration saved successfully!
16:32:12,493 GUI INFO Experiment setup completed successfully!
16:46:44,720 GUI INFO Scope daemon started
16:46:44,721 GUI INFO Fluidics daemon not implemented yet
16:46:46,160 GUI INFO GUI: Starting experiment creation...
16:46:46,169 GUI INFO GUI: Experiment creation started - use experimental setup panel to continue
16:46:47,887 GUI INFO Experiment info saved: New_Experiment by User for project New_Project
16:46:47,899 GUI INFO Attempting to get available plate configs...
16:46:47,899 GUI INFO Found available configs: ['Testing', 'example', 'example_6']
16:46:50,185 GUI INFO Positions GUI: Configuration type changed to: 'Testing'
16:46:50,187 GUI INFO Positions GUI: Loading plate config for: Testing
16:46:50,189 GUI INFO Positions GUI: Looking for config file: C:\GitRepos\pyScope\Plates\Testing.json
16:46:50,190 GUI INFO Positions GUI: Loaded plate config with 1 wells
16:46:50,192 GUI INFO Positions GUI: Successfully loaded 1 wells from Testing
16:46:51,296 GUI INFO Positions GUI: Create positions button clicked
16:46:51,297 GUI INFO Positions GUI: Selected configuration type: Testing
16:46:51,404 GUI INFO Positions created successfully: 57 positions
16:46:52,808 GUI INFO GUI: Resetting experiment...
16:46:52,819 GUI INFO Removed file: Experiment_state.json
16:46:52,820 GUI INFO Removed file: Positions.csv
16:46:52,821 GUI INFO Removed file: Experiment_tasks.csv
16:46:52,822 GUI INFO Removed file: Experiment_status.txt
16:46:52,823 GUI INFO Removed file: Scope_status.txt
16:46:52,824 GUI INFO Removed file: Fluidics_state.json
16:46:52,825 GUI INFO Removed file: Fluidics_task_idx.txt
16:46:52,826 GUI INFO Removed file: Fluidics_status.txt
16:46:52,831 GUI INFO All system files cleared and status reset to Idle
16:46:52,852 GUI INFO System variables cleared successfully
16:46:52,869 GUI INFO GUI reset to startup state
16:46:52,870 GUI INFO GUI: Experiment reset completed successfully
16:46:53,740 GUI INFO GUI: Starting experiment creation...
16:46:53,751 GUI INFO GUI: Experiment creation started - use experimental setup panel to continue
16:46:55,426 GUI INFO Experiment info saved: New_Experiment by User for project New_Project
16:46:55,438 GUI INFO Attempting to get available plate configs...
16:46:55,439 GUI INFO Found available configs: ['Testing', 'example', 'example_6']
16:46:57,202 GUI INFO Positions GUI: Configuration type changed to: 'Testing'
16:46:57,203 GUI INFO Positions GUI: Loading plate config for: Testing
16:46:57,204 GUI INFO Positions GUI: Looking for config file: C:\GitRepos\pyScope\Plates\Testing.json
16:46:57,205 GUI INFO Positions GUI: Loaded plate config with 1 wells
16:46:57,206 GUI INFO Positions GUI: Successfully loaded 1 wells from Testing
16:46:58,312 GUI INFO Positions GUI: Create positions button clicked
16:46:58,314 GUI INFO Positions GUI: Selected configuration type: Testing
16:46:58,421 GUI INFO Positions created successfully: 57 positions
16:47:01,781 GUI INFO Filtered positions: 57 -> 57 (removed 0 positions from wells without groups)
16:47:01,793 GUI INFO Group assignments: {'A': 'Group 1'}
16:47:01,794 GUI INFO Fluidics well assignments: {'A': 'A'}
16:47:01,795 GUI INFO Selected channels: ['FarRed', 'DeepBlue', 'Green', 'Orange']
16:47:01,795 GUI INFO Channel exposure: {'FarRed': 500, 'DeepBlue': 500, 'Green': 500, 'Orange': 500}
16:47:01,795 GUI INFO Fluidics protocols: ['hybe', 'strip']
16:47:01,795 GUI INFO Number of hybes: 18
16:47:01,796 GUI INFO Configuration saved successfully!
16:47:01,829 GUI INFO Experiment setup completed successfully!
16:47:08,606 GUI INFO GUI: Resetting experiment...
16:47:08,612 GUI INFO Removed file: Experiment_state.json
16:47:08,612 GUI INFO Removed file: Positions.csv
16:47:08,613 GUI INFO Removed file: Experiment_tasks.csv
16:47:08,614 GUI INFO Removed file: Experiment_status.txt
16:47:08,614 GUI INFO Removed file: Scope_status.txt
16:47:08,615 GUI INFO Removed file: Fluidics_status.txt
16:47:08,618 GUI INFO All system files cleared and status reset to Idle
16:47:08,632 GUI INFO System variables cleared successfully
16:47:08,633 GUI INFO GUI reset to startup state
16:47:08,633 GUI INFO GUI: Experiment reset completed successfully
16:47:09,266 GUI INFO GUI: Starting experiment creation...
16:47:09,275 GUI INFO GUI: Experiment creation started - use experimental setup panel to continue
16:47:10,489 GUI INFO Experiment info saved: New_Experiment by User for project New_Project
16:47:10,504 GUI INFO Attempting to get available plate configs...
16:47:10,505 GUI INFO Found available configs: ['Testing', 'example', 'example_6']
16:47:12,376 GUI INFO Positions GUI: Configuration type changed to: 'Custom Grid'
16:47:14,237 GUI INFO Positions GUI: Configuration type changed to: 'Custom Manual'
16:47:16,324 GUI INFO GUI: Resetting experiment...
16:47:16,347 GUI INFO Removed file: Experiment_state.json
16:47:16,348 GUI INFO Removed file: Experiment_status.txt
16:47:16,350 GUI INFO Removed file: Scope_status.txt
16:47:16,350 GUI INFO Removed file: Fluidics_status.txt
16:47:16,353 GUI INFO All system files cleared and status reset to Idle
16:47:16,363 GUI INFO System variables cleared successfully
16:47:16,379 GUI INFO GUI reset to startup state
16:47:16,380 GUI INFO GUI: Experiment reset completed successfully
16:50:12,984 GUI INFO Scope daemon started
16:50:12,984 GUI INFO Fluidics daemon not implemented yet
16:50:14,629 GUI INFO GUI: Starting experiment creation...
16:50:14,645 GUI INFO GUI: Experiment creation started - use experimental setup panel to continue
16:50:18,165 GUI INFO Experiment info saved: New_Experiment by User for project New_Project
16:50:18,177 GUI INFO Attempting to get available plate configs...
16:50:18,178 GUI INFO Found available configs: ['Testing', 'example', 'example_6']
16:50:20,809 GUI INFO Positions GUI: Configuration type changed to: 'Testing'
16:50:20,810 GUI INFO Positions GUI: Loading plate config for: Testing
16:50:20,810 GUI INFO Positions GUI: Looking for config file: C:\GitRepos\pyScope\Plates\Testing.json
16:50:20,811 GUI INFO Positions GUI: Loaded plate config with 1 wells
16:50:20,811 GUI INFO Positions GUI: Successfully loaded 1 wells from Testing
16:50:21,817 GUI INFO Positions GUI: Create positions button clicked
16:50:21,818 GUI INFO Positions GUI: Selected configuration type: Testing
16:50:21,936 GUI INFO Positions created successfully: 57 positions
16:50:24,317 GUI INFO Filtered positions: 57 -> 57 (removed 0 positions from wells without groups)
16:50:24,319 GUI INFO Group assignments: {'A': 'Group 1'}
16:50:24,320 GUI INFO Fluidics well assignments: {'A': 'A'}
16:50:24,320 GUI INFO Selected channels: ['FarRed', 'DeepBlue', 'Green', 'Orange']
16:50:24,320 GUI INFO Channel exposure: {'FarRed': 500, 'DeepBlue': 500, 'Green': 500, 'Orange': 500}
16:50:24,320 GUI INFO Fluidics protocols: ['hybe', 'strip']
16:50:24,321 GUI INFO Number of hybes: 18
16:50:24,321 GUI INFO Configuration saved successfully!
16:50:24,355 GUI INFO Experiment setup completed successfully!
16:53:06,952 GUI INFO Scope daemon started
16:53:06,952 GUI INFO Fluidics daemon not implemented yet
16:53:08,941 GUI INFO GUI: Starting experiment creation...
16:53:08,965 GUI INFO GUI: Experiment creation started - use experimental setup panel to continue
16:53:10,573 GUI INFO Experiment info saved: New_Experiment by User for project New_Project
16:53:10,592 GUI INFO Attempting to get available plate configs...
16:53:10,593 GUI INFO Found available configs: ['Testing', 'example', 'example_6']
16:53:13,93 GUI INFO GUI: Resetting experiment...
16:53:13,119 GUI INFO Removed file: Experiment_state.json
16:53:13,120 GUI INFO Removed file: Positions.csv
16:53:13,121 GUI INFO Removed file: Experiment_tasks.csv
16:53:13,122 GUI INFO Removed file: Experiment_status.txt
16:53:13,124 GUI INFO Removed file: Scope_status.txt
16:53:13,125 GUI INFO Removed file: Fluidics_state.json
16:53:13,126 GUI INFO Removed file: Fluidics_task_idx.txt
16:53:13,127 GUI INFO Removed file: Fluidics_status.txt
16:53:13,130 GUI INFO All system files cleared and status reset to Idle
16:53:13,148 GUI INFO System variables cleared successfully
16:53:13,153 GUI INFO GUI reset to startup state
16:53:13,153 GUI INFO GUI: Experiment reset completed successfully
16:57:36,529 GUI INFO Scope daemon started
16:57:36,529 GUI INFO Fluidics daemon not implemented yet
16:57:37,796 GUI INFO GUI: Starting experiment creation...
16:57:37,807 GUI INFO GUI: Experiment creation started - use experimental setup panel to continue
16:57:39,866 GUI INFO Experiment info saved: New_Experiment by User for project New_Project
16:57:39,891 GUI INFO Attempting to get available plate configs...
16:57:39,892 GUI INFO Found available configs: ['Testing', 'example', 'example_6']
16:57:42,233 GUI INFO Positions GUI: Configuration type changed to: 'Testing'
16:57:42,234 GUI INFO Positions GUI: Loading plate config for: Testing
16:57:42,235 GUI INFO Positions GUI: Looking for config file: C:\GitRepos\pyScope\Plates\Testing.json
16:57:42,236 GUI INFO Positions GUI: Loaded plate config with 1 wells
16:57:42,238 GUI INFO Positions GUI: Successfully loaded 1 wells from Testing
16:57:43,338 GUI INFO Positions GUI: Create positions button clicked
16:57:43,338 GUI INFO Positions GUI: Selected configuration type: Testing
16:57:43,432 GUI INFO Positions created successfully: 57 positions
16:57:46,89 GUI INFO Filtered positions: 57 -> 57 (removed 0 positions from wells without groups)
16:57:46,96 GUI INFO Group assignments: {'A': 'Group 1'}
16:57:46,96 GUI INFO Fluidics well assignments: {'A': 'A'}
16:57:46,97 GUI INFO Selected channels: ['FarRed', 'DeepBlue', 'Green', 'Orange']
16:57:46,98 GUI INFO Channel exposure: {'FarRed': 500, 'DeepBlue': 500, 'Green': 500, 'Orange': 500}
16:57:46,98 GUI INFO Fluidics protocols: ['hybe', 'strip']
16:57:46,99 GUI INFO Number of hybes: 18
16:57:46,100 GUI INFO Configuration saved successfully!
16:57:46,138 GUI INFO Experiment setup completed successfully!
16:59:25,114 GUI INFO Scope daemon started
16:59:25,114 GUI INFO Fluidics daemon not implemented yet
17:00:58,372 GUI INFO Scope daemon started
17:00:58,372 GUI INFO Fluidics daemon not implemented yet
17:01:00,314 GUI INFO GUI: Resetting experiment...
17:01:00,323 GUI INFO Removed file: Experiment_state.json
17:01:00,324 GUI INFO Removed file: Positions.csv
17:01:00,324 GUI INFO Removed file: Experiment_tasks.csv
17:01:00,325 GUI INFO Removed file: Experiment_status.txt
17:01:00,326 GUI INFO Removed file: Scope_status.txt
17:01:00,327 GUI INFO Removed file: Fluidics_state.json
17:01:00,327 GUI INFO Removed file: Fluidics_task_idx.txt
17:01:00,328 GUI INFO Removed file: Fluidics_status.txt
17:01:00,331 GUI INFO All system files cleared and status reset to Idle
17:01:00,356 GUI INFO System variables cleared successfully
17:01:00,359 GUI INFO GUI reset to startup state
17:01:00,360 GUI INFO GUI: Experiment reset completed successfully
17:01:01,16 GUI INFO GUI: Starting experiment creation...
17:01:01,32 GUI INFO GUI: Experiment creation started - use experimental setup panel to continue
17:01:02,473 GUI INFO Experiment info saved: New_Experiment by User for project New_Project
17:01:02,484 GUI INFO Attempting to get available plate configs...
17:01:02,485 GUI INFO Found available configs: ['Testing', 'example', 'example_6']
17:01:04,186 GUI INFO Positions GUI: Configuration type changed to: 'Testing'
17:01:04,187 GUI INFO Positions GUI: Loading plate config for: Testing
17:01:04,187 GUI INFO Positions GUI: Looking for config file: C:\GitRepos\pyScope\Plates\Testing.json
17:01:04,189 GUI INFO Positions GUI: Loaded plate config with 1 wells
17:01:04,189 GUI INFO Positions GUI: Successfully loaded 1 wells from Testing
17:01:04,846 GUI INFO Positions GUI: Create positions button clicked
17:01:04,847 GUI INFO Positions GUI: Selected configuration type: Testing
17:01:04,965 GUI INFO Positions created successfully: 57 positions
17:01:08,461 GUI INFO Filtered positions: 57 -> 57 (removed 0 positions from wells without groups)
17:01:08,465 GUI INFO Group assignments: {'A': 'Group 1'}
17:01:08,466 GUI INFO Fluidics well assignments: {'A': 'A'}
17:01:08,466 GUI INFO Selected channels: ['FarRed', 'DeepBlue', 'Green', 'Orange']
17:01:08,467 GUI INFO Channel exposure: {'FarRed': 500, 'DeepBlue': 500, 'Green': 500, 'Orange': 500}
17:01:08,467 GUI INFO Fluidics protocols: ['hybe', 'strip']
17:01:08,467 GUI INFO Number of hybes: 18
17:01:08,468 GUI INFO Configuration saved successfully!
17:01:08,503 GUI INFO Experiment setup completed successfully!
17:03:24,255 GUI INFO Scope daemon started
17:03:24,258 GUI INFO Fluidics daemon not implemented yet
17:03:26,224 GUI INFO GUI: Resetting experiment...
17:03:26,232 GUI INFO Removed file: Experiment_state.json
17:03:26,232 GUI INFO Removed file: Positions.csv
17:03:26,233 GUI INFO Removed file: Experiment_tasks.csv
17:03:26,233 GUI INFO Removed file: Experiment_status.txt
17:03:26,234 GUI INFO Removed file: Scope_status.txt
17:03:26,235 GUI INFO Removed file: Fluidics_status.txt
17:03:26,238 GUI INFO All system files cleared and status reset to Idle
17:03:26,250 GUI INFO System variables cleared successfully
17:03:26,252 GUI INFO GUI reset to startup state
17:03:26,252 GUI INFO GUI: Experiment reset completed successfully
17:03:27,85 GUI INFO GUI: Starting experiment creation...
17:03:27,98 GUI INFO GUI: Experiment creation started - use experimental setup panel to continue
17:03:28,821 GUI INFO Experiment info saved: New_Experiment by User for project New_Project
17:03:28,835 GUI INFO Attempting to get available plate configs...
17:03:28,835 GUI INFO Found available configs: ['Testing', 'example', 'example_6']
17:03:30,665 GUI INFO Positions GUI: Configuration type changed to: 'Testing'
17:03:30,667 GUI INFO Positions GUI: Loading plate config for: Testing
17:03:30,668 GUI INFO Positions GUI: Looking for config file: C:\GitRepos\pyScope\Plates\Testing.json
17:03:30,670 GUI INFO Positions GUI: Loaded plate config with 1 wells
17:03:30,672 GUI INFO Positions GUI: Successfully loaded 1 wells from Testing
17:03:31,818 GUI INFO Positions GUI: Create positions button clicked
17:03:31,819 GUI INFO Positions GUI: Selected configuration type: Testing
17:03:31,940 GUI INFO Positions created successfully: 57 positions
17:03:34,941 GUI INFO Filtered positions: 57 -> 57 (removed 0 positions from wells without groups)
17:03:34,953 GUI INFO Group assignments: {'A': 'Group 1'}
17:03:34,955 GUI INFO Fluidics well assignments: {'A': 'A'}
17:03:34,956 GUI INFO Selected channels: ['FarRed', 'DeepBlue', 'Green', 'Orange']
17:03:34,957 GUI INFO Channel exposure: {'FarRed': 500, 'DeepBlue': 500, 'Green': 500, 'Orange': 500}
17:03:34,958 GUI INFO Fluidics protocols: ['hybe', 'strip']
17:03:34,960 GUI INFO Number of hybes: 18
17:03:34,961 GUI INFO Configuration saved successfully!
17:03:35,1 GUI INFO Experiment setup completed successfully!
10:01:46,285 GUI INFO Scope daemon started
10:01:46,286 GUI INFO Fluidics daemon not implemented yet
10:01:48,863 GUI INFO GUI: Starting experiment creation...
10:01:48,873 GUI INFO GUI: Experiment creation started - use experimental setup panel to continue
10:01:50,543 GUI INFO Experiment info saved: New_Experiment by User for project New_Project
10:01:50,555 GUI INFO Attempting to get available plate configs...
10:01:50,556 GUI INFO Found available configs: ['Testing', 'example', 'example_6']
10:01:55,108 GUI INFO Positions GUI: Configuration type changed to: 'Load Wells From File'
10:02:11,177 GUI INFO Scope daemon started
10:02:11,178 GUI INFO Fluidics daemon not implemented yet
10:02:12,723 GUI INFO GUI: Starting experiment creation...
10:02:12,757 GUI INFO GUI: Experiment creation started - use experimental setup panel to continue
10:02:14,14 GUI INFO Experiment info saved: New_Experiment by User for project New_Project
10:02:14,31 GUI INFO Attempting to get available plate configs...
10:02:14,32 GUI INFO Found available configs: ['Testing', 'example', 'example_6']
10:02:16,947 GUI INFO Positions GUI: Configuration type changed to: 'Load Wells From File'
10:02:27,255 GUI INFO Selected file: C:/GitRepos/pyScope/State/PositionListA.pos
10:02:37,28 GUI INFO Positions GUI: Create positions button clicked
10:02:37,29 GUI INFO Positions GUI: Selected configuration type: Load Wells From File
10:02:37,59 GUI INFO Positions loaded successfully: 4 positions
10:02:44,659 GUI INFO Filtered positions: 4 -> 4 (removed 0 positions from wells without groups)
10:02:44,666 GUI INFO Group assignments: {'A': 'Group 1'}
10:02:44,667 GUI INFO Fluidics well assignments: {'A': 'A'}
10:02:44,667 GUI INFO Selected channels: ['FarRed', 'DeepBlue', 'Green', 'Orange']
10:02:44,668 GUI INFO Channel exposure: {'FarRed': 500, 'DeepBlue': 500, 'Green': 500, 'Orange': 500}
10:02:44,668 GUI INFO Fluidics protocols: ['hybe', 'strip']
10:02:44,669 GUI INFO Number of hybes: 18
10:02:44,670 GUI INFO Configuration saved successfully!
10:02:44,706 GUI INFO Experiment setup completed successfully!
10:06:22,557 GUI INFO Scope daemon started
10:06:22,557 GUI INFO Fluidics daemon not implemented yet
10:06:23,907 GUI INFO GUI: Starting experiment creation...
10:06:23,947 GUI INFO GUI: Experiment creation started - use experimental setup panel to continue
10:06:25,530 GUI INFO Experiment info saved: New_Experiment by User for project New_Project
10:06:25,543 GUI INFO Attempting to get available plate configs...
10:06:25,544 GUI INFO Found available configs: ['Testing', 'example', 'example_6']
10:06:28,339 GUI INFO Positions GUI: Configuration type changed to: 'Load Positions From File'
10:06:38,725 GUI INFO Selected positions file: C:/GitRepos/pyScope/State/Positions.csv
10:06:44,267 GUI INFO Loaded 4 positions from C:/GitRepos/pyScope/State/Positions.csv
10:06:46,819 GUI INFO Loaded 4 positions from C:/GitRepos/pyScope/State/Positions.csv
10:06:49,92 GUI INFO Positions GUI: Create positions button clicked
10:06:49,93 GUI INFO Positions GUI: Selected configuration type: Load Positions From File
10:06:49,97 GUI INFO Positions loaded successfully: 4 positions
10:06:54,764 GUI INFO Filtered positions: 4 -> 4 (removed 0 positions from wells without groups)
10:06:54,771 GUI INFO Group assignments: {'A': 'Group 1'}
10:06:54,771 GUI INFO Fluidics well assignments: {'A': 'A'}
10:06:54,772 GUI INFO Selected channels: ['FarRed', 'DeepBlue', 'Green', 'Orange']
10:06:54,773 GUI INFO Channel exposure: {'FarRed': 500, 'DeepBlue': 500, 'Green': 500, 'Orange': 500}
10:06:54,773 GUI INFO Fluidics protocols: ['hybe', 'strip']
10:06:54,774 GUI INFO Number of hybes: 18
10:06:54,775 GUI INFO Configuration saved successfully!
10:06:54,816 GUI INFO Experiment setup completed successfully!
10:26:07,199 GUI INFO GUI: Resetting experiment...
10:26:07,220 GUI INFO Removed file: Experiment_state.json
10:26:07,220 GUI INFO Removed file: Positions.csv
10:26:07,221 GUI INFO Removed file: Experiment_tasks.csv
10:26:07,222 GUI INFO Removed file: Experiment_status.txt
10:26:07,222 GUI INFO Removed file: Scope_status.txt
10:26:07,223 GUI INFO Removed file: Fluidics_state.json
10:26:07,223 GUI INFO Removed file: Fluidics_task_idx.txt
10:26:07,224 GUI INFO Removed file: Fluidics_status.txt
10:26:07,227 GUI INFO All system files cleared and status reset to Idle
10:26:07,247 GUI INFO System variables cleared successfully
10:26:07,248 GUI INFO GUI reset to startup state
10:26:07,248 GUI INFO GUI: Experiment reset completed successfully
10:26:07,856 GUI INFO GUI: Starting experiment creation...
10:26:07,866 GUI INFO GUI: Experiment creation started - use experimental setup panel to continue
10:26:12,697 GUI INFO Experiment info saved: New_Experiment by User for project New_Project
10:26:12,708 GUI INFO Attempting to get available plate configs...
10:26:12,709 GUI INFO Found available configs: ['Testing', 'example', 'example_6']
10:26:24,60 GUI INFO Positions GUI: Configuration type changed to: 'Testing'
10:26:24,62 GUI INFO Positions GUI: Loading plate config for: Testing
10:26:24,63 GUI INFO Positions GUI: Looking for config file: C:\GitRepos\pyScope\Plates\Testing.json
10:26:24,88 GUI INFO Positions GUI: Loaded plate config with 1 wells
10:26:24,88 GUI INFO Positions GUI: Successfully loaded 1 wells from Testing
10:26:25,296 GUI INFO Positions GUI: Create positions button clicked
10:26:25,298 GUI INFO Positions GUI: Selected configuration type: Testing
10:26:25,444 GUI INFO Positions created successfully: 57 positions
10:29:01,589 GUI INFO Scope daemon started
10:29:01,589 GUI INFO Fluidics daemon not implemented yet
10:29:02,957 GUI INFO GUI: Starting experiment creation...
10:29:02,968 GUI INFO GUI: Experiment creation started - use experimental setup panel to continue
10:29:04,1 GUI INFO Experiment info saved: New_Experiment by User for project New_Project
10:29:04,11 GUI INFO Attempting to get available plate configs...
10:29:04,12 GUI INFO Found available configs: ['Testing', 'example', 'example_6']
10:29:06,185 GUI INFO Positions GUI: Configuration type changed to: 'Testing'
10:29:06,186 GUI INFO Positions GUI: Loading plate config for: Testing
10:29:06,187 GUI INFO Positions GUI: Looking for config file: C:\GitRepos\pyScope\Plates\Testing.json
10:29:06,189 GUI INFO Positions GUI: Loaded plate config with 1 wells
10:29:06,190 GUI INFO Positions GUI: Successfully loaded 1 wells from Testing
10:29:07,42 GUI INFO Positions GUI: Create positions button clicked
10:29:07,42 GUI INFO Positions GUI: Selected configuration type: Testing
10:29:07,151 GUI INFO Positions created successfully: 57 positions
10:29:27,691 GUI INFO Scope daemon started
10:29:27,691 GUI INFO Fluidics daemon not implemented yet
10:29:29,273 GUI INFO GUI: Starting experiment creation...
10:29:29,284 GUI INFO GUI: Experiment creation started - use experimental setup panel to continue
10:29:30,292 GUI INFO Experiment info saved: New_Experiment by User for project New_Project
10:29:30,306 GUI INFO Attempting to get available plate configs...
10:29:30,307 GUI INFO Found available configs: ['Testing', 'example', 'example_6']
10:29:32,164 GUI INFO Positions GUI: Configuration type changed to: 'Testing'
10:29:32,165 GUI INFO Positions GUI: Loading plate config for: Testing
10:29:32,165 GUI INFO Positions GUI: Looking for config file: C:\GitRepos\pyScope\Plates\Testing.json
10:29:32,166 GUI INFO Positions GUI: Loaded plate config with 1 wells
10:29:32,166 GUI INFO Positions GUI: Successfully loaded 1 wells from Testing
10:29:32,824 GUI INFO Positions GUI: Create positions button clicked
10:29:32,825 GUI INFO Positions GUI: Selected configuration type: Testing
10:29:32,934 GUI INFO Positions created successfully: 57 positions
10:29:39,894 GUI INFO Filtered positions: 57 -> 57 (removed 0 positions from wells without groups)
10:29:39,898 GUI INFO Group assignments: {'A': 'Group 1'}
10:29:39,898 GUI INFO Fluidics well assignments: {'A': 'A'}
10:29:39,898 GUI INFO Selected channels: ['FarRed', 'DeepBlue', 'Green', 'Orange']
10:29:39,898 GUI INFO Channel exposure: {'FarRed': 500, 'DeepBlue': 500, 'Green': 500, 'Orange': 500}
10:29:39,899 GUI INFO Channel delay: {'FarRed': 0, 'DeepBlue': 0, 'Green': 0, 'Orange': 0}
10:29:39,899 GUI INFO Fluidics protocols: ['hybe', 'strip']
10:29:39,899 GUI INFO Number of hybes: 18
10:29:39,900 GUI INFO Configuration saved successfully!
10:29:39,940 GUI INFO Experiment setup completed successfully!
10:30:10,571 GUI INFO GUI: Starting experiment creation...
10:30:10,580 GUI INFO GUI: Experiment creation started - use experimental setup panel to continue
10:30:12,90 GUI INFO Experiment info saved: New_Experiment by User for project New_Project
10:30:12,103 GUI INFO Attempting to get available plate configs...
10:30:12,104 GUI INFO Found available configs: ['Testing', 'example', 'example_6']
10:30:13,533 GUI INFO Positions GUI: Configuration type changed to: 'Testing'
10:30:13,534 GUI INFO Positions GUI: Loading plate config for: Testing
10:30:13,534 GUI INFO Positions GUI: Looking for config file: C:\GitRepos\pyScope\Plates\Testing.json
10:30:13,535 GUI INFO Positions GUI: Loaded plate config with 1 wells
10:30:13,535 GUI INFO Positions GUI: Successfully loaded 1 wells from Testing
10:30:14,304 GUI INFO Positions GUI: Create positions button clicked
10:30:14,305 GUI INFO Positions GUI: Selected configuration type: Testing
10:30:14,411 GUI INFO Positions created successfully: 57 positions
10:31:54,883 GUI INFO Scope daemon started
10:31:54,884 GUI INFO Fluidics daemon not implemented yet
10:31:56,328 GUI INFO GUI: Starting experiment creation...
10:31:56,338 GUI INFO GUI: Experiment creation started - use experimental setup panel to continue
10:31:57,597 GUI INFO Experiment info saved: New_Experiment by User for project New_Project
10:31:57,610 GUI INFO Attempting to get available plate configs...
10:31:57,610 GUI INFO Found available configs: ['Testing', 'example', 'example_6']
10:31:59,14 GUI INFO Positions GUI: Configuration type changed to: 'Testing'
10:31:59,17 GUI INFO Positions GUI: Loading plate config for: Testing
10:31:59,18 GUI INFO Positions GUI: Looking for config file: C:\GitRepos\pyScope\Plates\Testing.json
10:31:59,21 GUI INFO Positions GUI: Loaded plate config with 1 wells
10:31:59,22 GUI INFO Positions GUI: Successfully loaded 1 wells from Testing
10:31:59,855 GUI INFO Positions GUI: Create positions button clicked
10:31:59,855 GUI INFO Positions GUI: Selected configuration type: Testing
10:31:59,969 GUI INFO Positions created successfully: 57 positions
10:33:10,66 GUI INFO Scope daemon started
10:33:10,66 GUI INFO Fluidics daemon not implemented yet
10:33:12,34 GUI INFO GUI: Starting experiment creation...
10:33:12,44 GUI INFO GUI: Experiment creation started - use experimental setup panel to continue
10:33:13,139 GUI INFO Experiment info saved: New_Experiment by User for project New_Project
10:33:13,151 GUI INFO Attempting to get available plate configs...
10:33:13,151 GUI INFO Found available configs: ['Testing', 'example', 'example_6']
10:33:14,968 GUI INFO Positions GUI: Configuration type changed to: 'Testing'
10:33:14,969 GUI INFO Positions GUI: Loading plate config for: Testing
10:33:14,969 GUI INFO Positions GUI: Looking for config file: C:\GitRepos\pyScope\Plates\Testing.json
10:33:14,970 GUI INFO Positions GUI: Loaded plate config with 1 wells
10:33:14,971 GUI INFO Positions GUI: Successfully loaded 1 wells from Testing
10:33:15,876 GUI INFO Positions GUI: Create positions button clicked
10:33:15,877 GUI INFO Positions GUI: Selected configuration type: Testing
10:33:15,991 GUI INFO Positions created successfully: 57 positions
10:34:23,232 GUI INFO Scope daemon started
10:34:23,233 GUI INFO Fluidics daemon not implemented yet
10:34:24,685 GUI INFO GUI: Starting experiment creation...
10:34:24,708 GUI INFO GUI: Experiment creation started - use experimental setup panel to continue
10:34:25,827 GUI INFO Experiment info saved: New_Experiment by User for project New_Project
10:34:25,840 GUI INFO Attempting to get available plate configs...
10:34:25,840 GUI INFO Found available configs: ['Testing', 'example', 'example_6']
10:34:26,990 GUI INFO Positions GUI: Configuration type changed to: 'Testing'
10:34:26,991 GUI INFO Positions GUI: Loading plate config for: Testing
10:34:26,992 GUI INFO Positions GUI: Looking for config file: C:\GitRepos\pyScope\Plates\Testing.json
10:34:26,993 GUI INFO Positions GUI: Loaded plate config with 1 wells
10:34:26,994 GUI INFO Positions GUI: Successfully loaded 1 wells from Testing
10:34:28,213 GUI INFO Positions GUI: Create positions button clicked
10:34:28,213 GUI INFO Positions GUI: Selected configuration type: Testing
10:34:28,319 GUI INFO Positions created successfully: 57 positions
10:35:47,883 GUI INFO Scope daemon started
10:35:47,883 GUI INFO Fluidics daemon not implemented yet
10:35:49,468 GUI INFO GUI: Starting experiment creation...
10:35:49,487 GUI INFO GUI: Experiment creation started - use experimental setup panel to continue
10:35:50,625 GUI INFO Experiment info saved: New_Experiment by User for project New_Project
10:35:50,645 GUI INFO Attempting to get available plate configs...
10:35:50,646 GUI INFO Found available configs: ['Testing', 'example', 'example_6']
10:35:52,262 GUI INFO Positions GUI: Configuration type changed to: 'Testing'
10:35:52,263 GUI INFO Positions GUI: Loading plate config for: Testing
10:35:52,263 GUI INFO Positions GUI: Looking for config file: C:\GitRepos\pyScope\Plates\Testing.json
10:35:52,264 GUI INFO Positions GUI: Loaded plate config with 1 wells
10:35:52,264 GUI INFO Positions GUI: Successfully loaded 1 wells from Testing
10:35:53,96 GUI INFO Positions GUI: Create positions button clicked
10:35:53,96 GUI INFO Positions GUI: Selected configuration type: Testing
10:35:53,203 GUI INFO Positions created successfully: 57 positions
10:36:40,992 GUI INFO Scope daemon started
10:36:40,993 GUI INFO Fluidics daemon not implemented yet
10:36:42,314 GUI INFO GUI: Starting experiment creation...
10:36:42,335 GUI INFO GUI: Experiment creation started - use experimental setup panel to continue
10:36:43,387 GUI INFO Experiment info saved: New_Experiment by User for project New_Project
10:36:43,417 GUI INFO Attempting to get available plate configs...
10:36:43,418 GUI INFO Found available configs: ['Testing', 'example', 'example_6']
10:36:45,53 GUI INFO Positions GUI: Configuration type changed to: 'Testing'
10:36:45,54 GUI INFO Positions GUI: Loading plate config for: Testing
10:36:45,55 GUI INFO Positions GUI: Looking for config file: C:\GitRepos\pyScope\Plates\Testing.json
10:36:45,56 GUI INFO Positions GUI: Loaded plate config with 1 wells
10:36:45,57 GUI INFO Positions GUI: Successfully loaded 1 wells from Testing
10:36:45,752 GUI INFO Positions GUI: Create positions button clicked
10:36:45,753 GUI INFO Positions GUI: Selected configuration type: Testing
10:36:45,866 GUI INFO Positions created successfully: 57 positions
10:38:09,501 GUI INFO Scope daemon started
10:38:09,502 GUI INFO Fluidics daemon not implemented yet
10:38:10,789 GUI INFO GUI: Starting experiment creation...
10:38:10,797 GUI INFO GUI: Experiment creation started - use experimental setup panel to continue
10:38:11,985 GUI INFO Experiment info saved: New_Experiment by User for project New_Project
10:38:11,998 GUI INFO Attempting to get available plate configs...
10:38:11,998 GUI INFO Found available configs: ['Testing', 'example', 'example_6']
10:38:13,370 GUI INFO Positions GUI: Configuration type changed to: 'Testing'
10:38:13,371 GUI INFO Positions GUI: Loading plate config for: Testing
10:38:13,371 GUI INFO Positions GUI: Looking for config file: C:\GitRepos\pyScope\Plates\Testing.json
10:38:13,372 GUI INFO Positions GUI: Loaded plate config with 1 wells
10:38:13,372 GUI INFO Positions GUI: Successfully loaded 1 wells from Testing
10:38:14,168 GUI INFO Positions GUI: Create positions button clicked
10:38:14,169 GUI INFO Positions GUI: Selected configuration type: Testing
10:38:14,275 GUI INFO Positions created successfully: 57 positions
10:39:26,794 GUI INFO Scope daemon started
10:39:26,795 GUI INFO Fluidics daemon not implemented yet
10:39:28,45 GUI INFO GUI: Starting experiment creation...
10:39:28,54 GUI INFO GUI: Experiment creation started - use experimental setup panel to continue
10:39:29,142 GUI INFO Experiment info saved: New_Experiment by User for project New_Project
10:39:29,155 GUI INFO Attempting to get available plate configs...
10:39:29,155 GUI INFO Found available configs: ['Testing', 'example', 'example_6']
10:39:30,920 GUI INFO Positions GUI: Configuration type changed to: 'Testing'
10:39:30,920 GUI INFO Positions GUI: Loading plate config for: Testing
10:39:30,921 GUI INFO Positions GUI: Looking for config file: C:\GitRepos\pyScope\Plates\Testing.json
10:39:30,922 GUI INFO Positions GUI: Loaded plate config with 1 wells
10:39:30,923 GUI INFO Positions GUI: Successfully loaded 1 wells from Testing
10:39:31,705 GUI INFO Positions GUI: Create positions button clicked
10:39:31,706 GUI INFO Positions GUI: Selected configuration type: Testing
10:39:31,819 GUI INFO Positions created successfully: 57 positions
10:42:22,479 GUI INFO Scope daemon started
10:42:22,479 GUI INFO Fluidics daemon not implemented yet
10:42:24,5 GUI INFO GUI: Starting experiment creation...
10:42:24,27 GUI INFO GUI: Experiment creation started - use experimental setup panel to continue
10:42:25,188 GUI INFO Experiment info saved: New_Experiment by User for project New_Project
10:42:25,200 GUI INFO Attempting to get available plate configs...
10:42:25,201 GUI INFO Found available configs: ['Testing', 'example', 'example_6']
10:42:27,392 GUI INFO Positions GUI: Configuration type changed to: 'Testing'
10:42:27,394 GUI INFO Positions GUI: Loading plate config for: Testing
10:42:27,395 GUI INFO Positions GUI: Looking for config file: C:\GitRepos\pyScope\Plates\Testing.json
10:42:27,398 GUI INFO Positions GUI: Loaded plate config with 1 wells
10:42:27,399 GUI INFO Positions GUI: Successfully loaded 1 wells from Testing
10:42:28,467 GUI INFO Positions GUI: Create positions button clicked
10:42:28,468 GUI INFO Positions GUI: Selected configuration type: Testing
10:42:28,598 GUI INFO Positions created successfully: 57 positions
10:43:15,163 GUI INFO Scope daemon started
10:43:15,163 GUI INFO Fluidics daemon not implemented yet
10:43:16,493 GUI INFO GUI: Starting experiment creation...
10:43:16,502 GUI INFO GUI: Experiment creation started - use experimental setup panel to continue
10:43:17,992 GUI INFO Experiment info saved: New_Experiment by User for project New_Project
10:43:18,5 GUI INFO Attempting to get available plate configs...
10:43:18,6 GUI INFO Found available configs: ['Testing', 'example', 'example_6']
10:43:19,809 GUI INFO Positions GUI: Configuration type changed to: 'Testing'
10:43:19,812 GUI INFO Positions GUI: Loading plate config for: Testing
10:43:19,813 GUI INFO Positions GUI: Looking for config file: C:\GitRepos\pyScope\Plates\Testing.json
10:43:19,815 GUI INFO Positions GUI: Loaded plate config with 1 wells
10:43:19,817 GUI INFO Positions GUI: Successfully loaded 1 wells from Testing
10:43:20,741 GUI INFO Positions GUI: Create positions button clicked
10:43:20,742 GUI INFO Positions GUI: Selected configuration type: Testing
10:43:20,859 GUI INFO Positions created successfully: 57 positions
10:43:53,279 GUI INFO Scope daemon started
10:43:53,279 GUI INFO Fluidics daemon not implemented yet
10:43:54,461 GUI INFO GUI: Starting experiment creation...
10:43:54,470 GUI INFO GUI: Experiment creation started - use experimental setup panel to continue
10:43:55,592 GUI INFO Experiment info saved: New_Experiment by User for project New_Project
10:43:55,603 GUI INFO Attempting to get available plate configs...
10:43:55,604 GUI INFO Found available configs: ['Testing', 'example', 'example_6']
10:43:57,24 GUI INFO Positions GUI: Configuration type changed to: 'Testing'
10:43:57,24 GUI INFO Positions GUI: Loading plate config for: Testing
10:43:57,24 GUI INFO Positions GUI: Looking for config file: C:\GitRepos\pyScope\Plates\Testing.json
10:43:57,25 GUI INFO Positions GUI: Loaded plate config with 1 wells
10:43:57,25 GUI INFO Positions GUI: Successfully loaded 1 wells from Testing
10:43:57,827 GUI INFO Positions GUI: Create positions button clicked
10:43:57,828 GUI INFO Positions GUI: Selected configuration type: Testing
10:43:57,935 GUI INFO Positions created successfully: 57 positions
10:45:12,477 GUI INFO Scope daemon started
10:45:12,478 GUI INFO Fluidics daemon not implemented yet
10:45:15,619 GUI INFO GUI: Starting experiment creation...
10:45:15,650 GUI INFO GUI: Experiment creation started - use experimental setup panel to continue
10:45:16,929 GUI INFO Experiment info saved: New_Experiment by User for project New_Project
10:45:16,940 GUI INFO Attempting to get available plate configs...
10:45:16,941 GUI INFO Found available configs: ['Testing', 'example', 'example_6']
10:45:18,682 GUI INFO Positions GUI: Configuration type changed to: 'Testing'
10:45:18,683 GUI INFO Positions GUI: Loading plate config for: Testing
10:45:18,683 GUI INFO Positions GUI: Looking for config file: C:\GitRepos\pyScope\Plates\Testing.json
10:45:18,684 GUI INFO Positions GUI: Loaded plate config with 1 wells
10:45:18,685 GUI INFO Positions GUI: Successfully loaded 1 wells from Testing
10:45:19,370 GUI INFO Positions GUI: Create positions button clicked
10:45:19,371 GUI INFO Positions GUI: Selected configuration type: Testing
10:45:19,483 GUI INFO Positions created successfully: 57 positions
11:00:59,893 GUI INFO Scope daemon started
11:00:59,894 GUI INFO Fluidics daemon not implemented yet
11:01:01,138 GUI INFO GUI: Starting experiment creation...
11:01:01,147 GUI INFO GUI: Experiment creation started - use experimental setup panel to continue
11:01:02,464 GUI INFO Experiment info saved: New_Experiment by User for project New_Project
11:01:02,488 GUI INFO Attempting to get available plate configs...
11:01:02,489 GUI INFO Found available configs: ['Testing', 'example', 'example_6']
11:01:04,208 GUI INFO Positions GUI: Configuration type changed to: 'Testing'
11:01:04,209 GUI INFO Positions GUI: Loading plate config for: Testing
11:01:04,209 GUI INFO Positions GUI: Looking for config file: C:\GitRepos\pyScope\Plates\Testing.json
11:01:04,210 GUI INFO Positions GUI: Loaded plate config with 1 wells
11:01:04,211 GUI INFO Positions GUI: Successfully loaded 1 wells from Testing
11:01:04,989 GUI INFO Positions GUI: Create positions button clicked
11:01:04,991 GUI INFO Positions GUI: Selected configuration type: Testing
11:01:05,109 GUI INFO Positions created successfully: 57 positions
11:01:23,316 GUI INFO GUI: Starting experiment creation...
11:01:23,326 GUI INFO GUI: Experiment creation started - use experimental setup panel to continue
11:01:24,785 GUI INFO Experiment info saved: New_Experiment by User for project New_Project
11:01:24,796 GUI INFO Attempting to get available plate configs...
11:01:24,797 GUI INFO Found available configs: ['Testing', 'example', 'example_6']
11:01:26,616 GUI INFO Positions GUI: Configuration type changed to: 'Testing'
11:01:26,618 GUI INFO Positions GUI: Loading plate config for: Testing
11:01:26,619 GUI INFO Positions GUI: Looking for config file: C:\GitRepos\pyScope\Plates\Testing.json
11:01:26,621 GUI INFO Positions GUI: Loaded plate config with 1 wells
11:01:26,623 GUI INFO Positions GUI: Successfully loaded 1 wells from Testing
11:01:35,82 GUI INFO Positions GUI: Create positions button clicked
11:01:35,83 GUI INFO Positions GUI: Selected configuration type: Testing
11:01:35,200 GUI INFO Positions created successfully: 57 positions
11:03:14,704 GUI INFO Scope daemon started
11:03:14,705 GUI INFO Fluidics daemon not implemented yet
11:03:16,86 GUI INFO GUI: Starting experiment creation...
11:03:16,94 GUI INFO GUI: Experiment creation started - use experimental setup panel to continue
11:03:17,322 GUI INFO Experiment info saved: New_Experiment by User for project New_Project
11:03:17,339 GUI INFO Attempting to get available plate configs...
11:03:17,340 GUI INFO Found available configs: ['Testing', 'example', 'example_6']
11:03:19,315 GUI INFO Positions GUI: Configuration type changed to: 'Testing'
11:03:19,315 GUI INFO Positions GUI: Loading plate config for: Testing
11:03:19,315 GUI INFO Positions GUI: Looking for config file: C:\GitRepos\pyScope\Plates\Testing.json
11:03:19,316 GUI INFO Positions GUI: Loaded plate config with 1 wells
11:03:19,317 GUI INFO Positions GUI: Successfully loaded 1 wells from Testing
11:03:20,170 GUI INFO Positions GUI: Create positions button clicked
11:03:20,170 GUI INFO Positions GUI: Selected configuration type: Testing
11:03:20,282 GUI INFO Positions created successfully: 57 positions
11:04:31,337 GUI INFO Scope daemon started
11:04:31,338 GUI INFO Fluidics daemon not implemented yet
11:04:32,653 GUI INFO GUI: Starting experiment creation...
11:04:32,663 GUI INFO GUI: Experiment creation started - use experimental setup panel to continue
11:04:33,761 GUI INFO Experiment info saved: New_Experiment by User for project New_Project
11:04:33,794 GUI INFO Attempting to get available plate configs...
11:04:33,801 GUI INFO Found available configs: ['Testing', 'example', 'example_6']
11:04:35,244 GUI INFO Positions GUI: Configuration type changed to: 'Testing'
11:04:35,246 GUI INFO Positions GUI: Loading plate config for: Testing
11:04:35,247 GUI INFO Positions GUI: Looking for config file: C:\GitRepos\pyScope\Plates\Testing.json
11:04:35,249 GUI INFO Positions GUI: Loaded plate config with 1 wells
11:04:35,251 GUI INFO Positions GUI: Successfully loaded 1 wells from Testing
11:04:35,870 GUI INFO Positions GUI: Create positions button clicked
11:04:35,870 GUI INFO Positions GUI: Selected configuration type: Testing
11:04:35,985 GUI INFO Positions created successfully: 57 positions
11:07:57,579 GUI INFO Scope daemon started
11:07:57,581 GUI INFO Fluidics daemon not implemented yet
11:08:00,289 GUI INFO GUI: Resetting experiment...
11:08:00,298 GUI INFO Removed file: Experiment_state.json
11:08:00,299 GUI INFO Removed file: Positions.csv
11:08:00,300 GUI INFO Removed file: Experiment_tasks.csv
11:08:00,300 GUI INFO Removed file: Experiment_status.txt
11:08:00,301 GUI INFO Removed file: Scope_status.txt
11:08:00,301 GUI INFO Removed file: Fluidics_status.txt
11:08:00,304 GUI INFO All system files cleared and status reset to Idle
11:08:00,322 GUI INFO System variables cleared successfully
11:08:00,323 GUI INFO GUI reset to startup state
11:08:00,324 GUI INFO GUI: Experiment reset completed successfully
11:08:01,414 GUI INFO GUI: Starting experiment creation...
11:08:01,422 GUI INFO GUI: Experiment creation started - use experimental setup panel to continue
11:08:02,775 GUI INFO Experiment info saved: New_Experiment by User for project New_Project
11:08:02,787 GUI INFO Attempting to get available plate configs...
11:08:02,788 GUI INFO Found available configs: ['Testing', 'example', 'example_6']
11:08:04,318 GUI INFO Positions GUI: Configuration type changed to: 'Testing'
11:08:04,320 GUI INFO Positions GUI: Loading plate config for: Testing
11:08:04,321 GUI INFO Positions GUI: Looking for config file: C:\GitRepos\pyScope\Plates\Testing.json
11:08:04,323 GUI INFO Positions GUI: Loaded plate config with 1 wells
11:08:04,325 GUI INFO Positions GUI: Successfully loaded 1 wells from Testing
11:08:05,126 GUI INFO Positions GUI: Create positions button clicked
11:08:05,127 GUI INFO Positions GUI: Selected configuration type: Testing
11:08:05,239 GUI INFO Positions created successfully: 57 positions
11:10:23,633 GUI INFO Scope daemon started
11:10:23,635 GUI INFO Fluidics daemon not implemented yet
11:10:24,753 GUI INFO GUI: Starting experiment creation...
11:10:24,762 GUI INFO GUI: Experiment creation started - use experimental setup panel to continue
11:10:25,991 GUI INFO Experiment info saved: New_Experiment by User for project New_Project
11:10:26,16 GUI INFO Attempting to get available plate configs...
11:10:26,17 GUI INFO Found available configs: ['Testing', 'example', 'example_6']
11:10:27,423 GUI INFO Positions GUI: Configuration type changed to: 'Testing'
11:10:27,425 GUI INFO Positions GUI: Loading plate config for: Testing
11:10:27,426 GUI INFO Positions GUI: Looking for config file: C:\GitRepos\pyScope\Plates\Testing.json
11:10:27,429 GUI INFO Positions GUI: Loaded plate config with 1 wells
11:10:27,431 GUI INFO Positions GUI: Successfully loaded 1 wells from Testing
11:10:28,208 GUI INFO Positions GUI: Create positions button clicked
11:10:28,208 GUI INFO Positions GUI: Selected configuration type: Testing
11:10:28,314 GUI INFO Positions created successfully: 57 positions
11:11:03,745 GUI INFO Scope daemon started
11:11:03,746 GUI INFO Fluidics daemon not implemented yet
11:11:05,34 GUI INFO GUI: Starting experiment creation...
11:11:05,43 GUI INFO GUI: Experiment creation started - use experimental setup panel to continue
11:11:06,281 GUI INFO Experiment info saved: New_Experiment by User for project New_Project
11:11:06,296 GUI INFO Attempting to get available plate configs...
11:11:06,297 GUI INFO Found available configs: ['Testing', 'example', 'example_6']
11:11:08,463 GUI INFO Positions GUI: Configuration type changed to: 'Testing'
11:11:08,464 GUI INFO Positions GUI: Loading plate config for: Testing
11:11:08,464 GUI INFO Positions GUI: Looking for config file: C:\GitRepos\pyScope\Plates\Testing.json
11:11:08,465 GUI INFO Positions GUI: Loaded plate config with 1 wells
11:11:08,466 GUI INFO Positions GUI: Successfully loaded 1 wells from Testing
11:11:09,602 GUI INFO Positions GUI: Create positions button clicked
11:11:09,603 GUI INFO Positions GUI: Selected configuration type: Testing
11:11:09,720 GUI INFO Positions created successfully: 57 positions
11:12:16,210 GUI INFO Scope daemon started
11:12:16,211 GUI INFO Fluidics daemon not implemented yet
11:12:17,406 GUI INFO GUI: Starting experiment creation...
11:12:17,416 GUI INFO GUI: Experiment creation started - use experimental setup panel to continue
11:12:18,831 GUI INFO Experiment info saved: New_Experiment by User for project New_Project
11:12:18,856 GUI INFO Attempting to get available plate configs...
11:12:18,857 GUI INFO Found available configs: ['Testing', 'example', 'example_6']
11:12:20,571 GUI INFO Positions GUI: Configuration type changed to: 'Testing'
11:12:20,572 GUI INFO Positions GUI: Loading plate config for: Testing
11:12:20,573 GUI INFO Positions GUI: Looking for config file: C:\GitRepos\pyScope\Plates\Testing.json
11:12:20,574 GUI INFO Positions GUI: Loaded plate config with 1 wells
11:12:20,575 GUI INFO Positions GUI: Successfully loaded 1 wells from Testing
11:12:21,538 GUI INFO Positions GUI: Create positions button clicked
11:12:21,539 GUI INFO Positions GUI: Selected configuration type: Testing
11:12:21,658 GUI INFO Positions created successfully: 57 positions
11:13:32,535 GUI INFO Scope daemon started
11:13:32,536 GUI INFO Fluidics daemon not implemented yet
11:13:36,612 GUI INFO GUI: Starting experiment creation...
11:13:36,623 GUI INFO GUI: Experiment creation started - use experimental setup panel to continue
11:13:37,935 GUI INFO Experiment info saved: New_Experiment by User for project New_Project
11:13:37,945 GUI INFO Attempting to get available plate configs...
11:13:37,946 GUI INFO Found available configs: ['Testing', 'example', 'example_6']
11:13:39,541 GUI INFO Positions GUI: Configuration type changed to: 'Testing'
11:13:39,542 GUI INFO Positions GUI: Loading plate config for: Testing
11:13:39,542 GUI INFO Positions GUI: Looking for config file: C:\GitRepos\pyScope\Plates\Testing.json
11:13:39,543 GUI INFO Positions GUI: Loaded plate config with 1 wells
11:13:39,543 GUI INFO Positions GUI: Successfully loaded 1 wells from Testing
11:13:40,192 GUI INFO Positions GUI: Create positions button clicked
11:13:40,193 GUI INFO Positions GUI: Selected configuration type: Testing
11:13:40,318 GUI INFO Positions created successfully: 57 positions
11:14:57,987 GUI INFO Scope daemon started
11:14:57,990 GUI INFO Fluidics daemon not implemented yet
11:14:59,231 GUI INFO GUI: Starting experiment creation...
11:14:59,241 GUI INFO GUI: Experiment creation started - use experimental setup panel to continue
11:15:00,456 GUI INFO Experiment info saved: New_Experiment by User for project New_Project
11:15:00,466 GUI INFO Attempting to get available plate configs...
11:15:00,467 GUI INFO Found available configs: ['Testing', 'example', 'example_6']
11:15:02,54 GUI INFO Positions GUI: Configuration type changed to: 'Testing'
11:15:02,54 GUI INFO Positions GUI: Loading plate config for: Testing
11:15:02,54 GUI INFO Positions GUI: Looking for config file: C:\GitRepos\pyScope\Plates\Testing.json
11:15:02,55 GUI INFO Positions GUI: Loaded plate config with 1 wells
11:15:02,55 GUI INFO Positions GUI: Successfully loaded 1 wells from Testing
11:15:03,8 GUI INFO Positions GUI: Create positions button clicked
11:15:03,9 GUI INFO Positions GUI: Selected configuration type: Testing
11:15:03,110 GUI INFO Positions created successfully: 57 positions
11:15:22,647 GUI INFO Filtered positions: 57 -> 0 (removed 57 positions from wells without groups)
11:15:22,650 GUI INFO Group assignments: {'A': 'None'}
11:15:22,650 GUI INFO Fluidics well assignments: {'A': 'A'}
11:15:22,650 GUI INFO Selected channels: ['FarRed', 'DeepBlue', 'Green', 'Orange']
11:15:22,651 GUI INFO Channel exposure: {'FarRed': 500, 'DeepBlue': 500, 'Green': 500, 'Orange': 500}
11:15:22,651 GUI INFO Channel delay: {'FarRed': 0, 'DeepBlue': 0, 'Green': 0, 'Orange': 0}
11:15:22,651 GUI INFO Fluidics protocols: ['hybe', 'strip']
11:15:22,652 GUI INFO Number of hybes: 18
11:15:22,652 GUI INFO Position refinement: {'position_filtering': 'None', 'preview_focus': 'None', 'acquisition_focus': 'None', 'autofocus_method': 'None'}
11:15:22,652 GUI INFO Steps: {'start': '0', 'end': '0', 'dz': '0'}
11:15:22,653 GUI INFO Configuration saved successfully!
11:15:22,689 GUI INFO Experiment setup completed successfully!
11:18:42,809 GUI INFO Scope daemon started
11:18:42,809 GUI INFO Fluidics daemon not implemented yet
11:18:44,407 GUI INFO GUI: Starting experiment creation...
11:18:44,419 GUI INFO GUI: Experiment creation started - use experimental setup panel to continue
11:18:45,611 GUI INFO Experiment info saved: New_Experiment by User for project New_Project
11:18:45,636 GUI INFO Attempting to get available plate configs...
11:18:45,636 GUI INFO Found available configs: ['Testing', 'example', 'example_6']
11:18:47,206 GUI INFO Positions GUI: Configuration type changed to: 'Testing'
11:18:47,208 GUI INFO Positions GUI: Loading plate config for: Testing
11:18:47,210 GUI INFO Positions GUI: Looking for config file: C:\GitRepos\pyScope\Plates\Testing.json
11:18:47,212 GUI INFO Positions GUI: Loaded plate config with 1 wells
11:18:47,214 GUI INFO Positions GUI: Successfully loaded 1 wells from Testing
11:18:48,159 GUI INFO Positions GUI: Create positions button clicked
11:18:48,160 GUI INFO Positions GUI: Selected configuration type: Testing
11:18:48,268 GUI INFO Positions created successfully: 57 positions
11:18:52,36 GUI INFO Filtered positions: 57 -> 0 (removed 57 positions from wells without groups)
11:18:52,38 GUI INFO Group assignments: {'A': 'None'}
11:18:52,39 GUI INFO Fluidics well assignments: {'A': 'A'}
11:18:52,39 GUI INFO Selected channels: ['FarRed', 'DeepBlue', 'Green', 'Orange']
11:18:52,39 GUI INFO Channel exposure: {'FarRed': 500, 'DeepBlue': 500, 'Green': 500, 'Orange': 500}
11:18:52,39 GUI INFO Channel delay: {'FarRed': 0, 'DeepBlue': 0, 'Green': 0, 'Orange': 0}
11:18:52,40 GUI INFO Fluidics protocols: ['hybe', 'strip']
11:18:52,40 GUI INFO Number of hybes: 18
11:18:52,40 GUI INFO Position filtering: None
11:18:52,41 GUI INFO Preview focus: None
11:18:52,41 GUI INFO Acquisition focus: None
11:18:52,41 GUI INFO Autofocus method: None
11:18:52,41 GUI INFO Steps: {'start': '0', 'end': '0', 'dz': '0'}
11:18:52,42 GUI INFO Configuration saved successfully!
11:18:52,82 GUI INFO Experiment setup completed successfully!
11:20:57,40 GUI INFO Scope daemon started
11:20:57,41 GUI INFO Fluidics daemon not implemented yet
11:20:58,326 GUI INFO GUI: Starting experiment creation...
11:20:58,335 GUI INFO GUI: Experiment creation started - use experimental setup panel to continue
11:20:59,697 GUI INFO Experiment info saved: New_Experiment by User for project New_Project
11:20:59,709 GUI INFO Attempting to get available plate configs...
11:20:59,710 GUI INFO Found available configs: ['Testing', 'example', 'example_6']
11:21:01,557 GUI INFO Positions GUI: Configuration type changed to: 'Testing'
11:21:01,559 GUI INFO Positions GUI: Loading plate config for: Testing
11:21:01,560 GUI INFO Positions GUI: Looking for config file: C:\GitRepos\pyScope\Plates\Testing.json
11:21:01,561 GUI INFO Positions GUI: Loaded plate config with 1 wells
11:21:01,563 GUI INFO Positions GUI: Successfully loaded 1 wells from Testing
11:21:02,300 GUI INFO Positions GUI: Create positions button clicked
11:21:02,301 GUI INFO Positions GUI: Selected configuration type: Testing
11:21:02,399 GUI INFO Positions created successfully: 57 positions
11:22:15,539 GUI INFO Scope daemon started
11:22:15,540 GUI INFO Fluidics daemon not implemented yet
11:22:17,117 GUI INFO GUI: Starting experiment creation...
11:22:17,149 GUI INFO GUI: Experiment creation started - use experimental setup panel to continue
11:22:18,138 GUI INFO Experiment info saved: New_Experiment by User for project New_Project
11:22:18,150 GUI INFO Attempting to get available plate configs...
11:22:18,150 GUI INFO Found available configs: ['Testing', 'example', 'example_6']
11:22:19,653 GUI INFO Positions GUI: Configuration type changed to: 'Testing'
11:22:19,654 GUI INFO Positions GUI: Loading plate config for: Testing
11:22:19,655 GUI INFO Positions GUI: Looking for config file: C:\GitRepos\pyScope\Plates\Testing.json
11:22:19,657 GUI INFO Positions GUI: Loaded plate config with 1 wells
11:22:19,659 GUI INFO Positions GUI: Successfully loaded 1 wells from Testing
11:22:20,658 GUI INFO Positions GUI: Create positions button clicked
11:22:20,659 GUI INFO Positions GUI: Selected configuration type: Testing
11:22:20,795 GUI INFO Positions created successfully: 57 positions
11:24:15,735 GUI INFO Scope daemon started
11:24:15,735 GUI INFO Fluidics daemon not implemented yet
11:24:16,800 GUI INFO GUI: Starting experiment creation...
11:24:16,811 GUI INFO GUI: Experiment creation started - use experimental setup panel to continue
11:24:17,804 GUI INFO Experiment info saved: New_Experiment by User for project New_Project
11:24:17,829 GUI INFO Attempting to get available plate configs...
11:24:17,830 GUI INFO Found available configs: ['Testing', 'example', 'example_6']
11:24:19,189 GUI INFO Positions GUI: Configuration type changed to: 'Testing'
11:24:19,190 GUI INFO Positions GUI: Loading plate config for: Testing
11:24:19,192 GUI INFO Positions GUI: Looking for config file: C:\GitRepos\pyScope\Plates\Testing.json
11:24:19,194 GUI INFO Positions GUI: Loaded plate config with 1 wells
11:24:19,195 GUI INFO Positions GUI: Successfully loaded 1 wells from Testing
11:24:20,28 GUI INFO Positions GUI: Create positions button clicked
11:24:20,28 GUI INFO Positions GUI: Selected configuration type: Testing
11:24:20,128 GUI INFO Positions created successfully: 57 positions
11:24:26,761 GUI INFO Filtered positions: 57 -> 0 (removed 57 positions from wells without groups)
11:24:26,764 GUI INFO Group assignments: {'A': 'None'}
11:24:26,764 GUI INFO Fluidics well assignments: {'A': 'A'}
11:24:26,765 GUI INFO Selected channels: ['FarRed', 'DeepBlue', 'Green', 'Orange']
11:24:26,765 GUI INFO Channel exposure: {'FarRed': 500, 'DeepBlue': 500, 'Green': 500, 'Orange': 500}
11:24:26,765 GUI INFO Channel delay: {'FarRed': 0.0, 'DeepBlue': 0.0, 'Green': 0.0, 'Orange': 0.0}
11:24:26,766 GUI INFO Fluidics protocols: ['hybe', 'strip']
11:24:26,766 GUI INFO Number of hybes: 18
11:24:26,766 GUI INFO Position filtering: None
11:24:26,767 GUI INFO Preview focus: None
11:24:26,767 GUI INFO Acquisition focus: None
11:24:26,767 GUI INFO Autofocus method: None
11:24:26,768 GUI INFO Steps: {'start': 0.0, 'end': 0.0, 'dz': 0.0}
11:24:26,768 GUI INFO Configuration saved successfully!
11:24:26,808 GUI INFO Experiment setup completed successfully!
11:26:15,543 GUI INFO Scope daemon started
11:26:15,543 GUI INFO Fluidics daemon not implemented yet
11:28:07,204 GUI INFO GUI: Resetting experiment...
11:28:07,211 GUI INFO Removed file: Experiment_state.json
11:28:07,211 GUI INFO Removed file: Positions.csv
11:28:07,211 GUI INFO Removed file: Experiment_tasks.csv
11:28:07,212 GUI INFO Removed file: Experiment_status.txt
11:28:07,212 GUI INFO Removed file: Scope_status.txt
11:28:07,213 GUI INFO Removed file: Fluidics_status.txt
11:28:07,215 GUI INFO All system files cleared and status reset to Idle
11:28:07,231 GUI INFO System variables cleared successfully
11:28:07,233 GUI INFO GUI reset to startup state
11:28:07,233 GUI INFO GUI: Experiment reset completed successfully
11:28:07,752 GUI INFO GUI: Starting experiment creation...
11:28:07,764 GUI INFO GUI: Experiment creation started - use experimental setup panel to continue
11:28:12,982 GUI INFO Experiment info saved: New_Experiment by User for project New_Project
11:28:12,994 GUI INFO Attempting to get available plate configs...
11:28:12,994 GUI INFO Found available configs: ['Testing', 'example', 'example_6']
11:28:59,416 GUI INFO Scope daemon started
11:28:59,416 GUI INFO Fluidics daemon not implemented yet
11:29:00,771 GUI INFO GUI: Starting experiment creation...
11:29:00,782 GUI INFO GUI: Experiment creation started - use experimental setup panel to continue
11:29:02,40 GUI INFO Experiment info saved: New_Experiment by User for project New_Project
11:29:02,59 GUI INFO Attempting to get available plate configs...
11:29:02,60 GUI INFO Found available configs: ['Testing', 'example', 'example_6']
11:30:29,969 GUI INFO GUI: Resetting experiment...
11:30:29,978 GUI INFO Removed file: Experiment_state.json
11:30:29,979 GUI INFO Removed file: Experiment_status.txt
11:30:29,979 GUI INFO Removed file: Scope_status.txt
11:30:29,980 GUI INFO Removed file: Fluidics_status.txt
11:30:29,983 GUI INFO All system files cleared and status reset to Idle
11:30:29,997 GUI INFO System variables cleared successfully
11:30:30,1 GUI INFO GUI reset to startup state
11:30:30,2 GUI INFO GUI: Experiment reset completed successfully
11:30:35,663 GUI INFO GUI: Starting experiment creation...
11:30:35,677 GUI INFO GUI: Experiment creation started - use experimental setup panel to continue
11:30:37,859 GUI INFO Experiment info saved: New_Experiment by User for project New_Project
11:30:37,870 GUI INFO Attempting to get available plate configs...
11:30:37,871 GUI INFO Found available configs: ['Testing', 'example', 'example_6']
11:30:41,629 GUI INFO Positions GUI: Configuration type changed to: 'Testing'
11:30:41,630 GUI INFO Positions GUI: Loading plate config for: Testing
11:30:41,630 GUI INFO Positions GUI: Looking for config file: C:\GitRepos\pyScope\Plates\Testing.json
11:30:41,630 GUI INFO Positions GUI: Loaded plate config with 1 wells
11:30:41,631 GUI INFO Positions GUI: Successfully loaded 1 wells from Testing
11:30:42,622 GUI INFO Positions GUI: Create positions button clicked
11:30:42,622 GUI INFO Positions GUI: Selected configuration type: Testing
11:30:42,725 GUI INFO Positions created successfully: 57 positions
11:30:47,627 GUI INFO Filtered positions: 57 -> 57 (removed 0 positions from wells without groups)
11:30:47,630 GUI INFO Group assignments: {'A': 'Group 1'}
11:30:47,630 GUI INFO Fluidics well assignments: {'A': 'A'}
11:30:47,631 GUI INFO Selected channels: ['FarRed', 'DeepBlue', 'Green', 'Orange']
11:30:47,631 GUI INFO Channel exposure: {'FarRed': 500, 'DeepBlue': 500, 'Green': 500, 'Orange': 500}
11:30:47,631 GUI INFO Channel delay: {'FarRed': 0.0, 'DeepBlue': 0.0, 'Green': 0.0, 'Orange': 0.0}
11:30:47,632 GUI INFO Fluidics protocols: ['hybe', 'strip']
11:30:47,632 GUI INFO Number of hybes: 18
11:30:47,632 GUI INFO Position filtering: None
11:30:47,632 GUI INFO Preview focus: None
11:30:47,633 GUI INFO Acquisition focus: None
11:30:47,633 GUI INFO Autofocus method: None
11:30:47,633 GUI INFO Steps: {'start': 0.0, 'end': 0.0, 'dz': 0.0}
11:30:47,633 GUI INFO Configuration saved successfully!
11:30:47,671 GUI INFO Experiment setup completed successfully!
11:32:56,39 GUI INFO Scope daemon started
11:32:56,40 GUI INFO Fluidics daemon not implemented yet
11:32:59,143 GUI INFO GUI: Resetting experiment...
11:32:59,155 GUI INFO Removed file: Experiment_state.json
11:32:59,156 GUI INFO Removed file: Positions.csv
11:32:59,157 GUI INFO Removed file: Experiment_tasks.csv
11:32:59,158 GUI INFO Removed file: Experiment_status.txt
11:32:59,159 GUI INFO Removed file: Scope_status.txt
11:32:59,160 GUI INFO Removed file: Fluidics_status.txt
11:32:59,164 GUI INFO All system files cleared and status reset to Idle
11:32:59,181 GUI INFO System variables cleared successfully
11:32:59,183 GUI INFO GUI reset to startup state
11:32:59,184 GUI INFO GUI: Experiment reset completed successfully
11:33:00,52 GUI INFO GUI: Starting experiment creation...
11:33:00,61 GUI INFO GUI: Experiment creation started - use experimental setup panel to continue
11:33:01,819 GUI INFO Experiment info saved: New_Experiment by User for project New_Project
11:33:01,832 GUI INFO Attempting to get available plate configs...
11:33:01,833 GUI INFO Found available configs: ['Testing', 'example', 'example_6']
11:33:05,328 GUI INFO Positions GUI: Configuration type changed to: 'Testing'
11:33:05,333 GUI INFO Positions GUI: Loading plate config for: Testing
11:33:05,336 GUI INFO Positions GUI: Looking for config file: C:\GitRepos\pyScope\Plates\Testing.json
11:33:05,338 GUI INFO Positions GUI: Loaded plate config with 1 wells
11:33:05,340 GUI INFO Positions GUI: Successfully loaded 1 wells from Testing
11:33:06,149 GUI INFO Positions GUI: Create positions button clicked
11:33:06,150 GUI INFO Positions GUI: Selected configuration type: Testing
11:33:06,565 GUI INFO Positions created successfully: 57 positions
11:33:09,854 GUI INFO Filtered positions: 57 -> 57 (removed 0 positions from wells without groups)
11:33:09,867 GUI INFO Group assignments: {'A': 'Group 1'}
11:33:09,868 GUI INFO Fluidics well assignments: {'A': 'A'}
11:33:09,869 GUI INFO Selected channels: ['FarRed', 'DeepBlue', 'Green', 'Orange']
11:33:09,870 GUI INFO Channel exposure: {'FarRed': 500, 'DeepBlue': 500, 'Green': 500, 'Orange': 500}
11:33:09,871 GUI INFO Channel delay: {'FarRed': 0.0, 'DeepBlue': 0.0, 'Green': 0.0, 'Orange': 0.0}
11:33:09,873 GUI INFO Fluidics protocols: ['hybe', 'strip']
11:33:09,874 GUI INFO Number of hybes: 18
11:33:09,875 GUI INFO Position filtering: None
11:33:09,876 GUI INFO Preview focus: None
11:33:09,877 GUI INFO Acquisition focus: None
11:33:09,878 GUI INFO Autofocus method: None
11:33:09,879 GUI INFO Steps: {'start': 0.0, 'end': 0.0, 'dz': 0.0}
11:33:09,880 GUI INFO Configuration saved successfully!
11:33:09,923 GUI INFO Experiment setup completed successfully!
11:33:48,471 GUI INFO Scope daemon started
11:33:48,472 GUI INFO Fluidics daemon not implemented yet
11:33:50,371 GUI INFO GUI: Resetting experiment...
11:33:50,378 GUI INFO Removed file: Experiment_state.json
11:33:50,379 GUI INFO Removed file: Positions.csv
11:33:50,379 GUI INFO Removed file: Experiment_tasks.csv
11:33:50,380 GUI INFO Removed file: Experiment_status.txt
11:33:50,380 GUI INFO Removed file: Scope_status.txt
11:33:50,381 GUI INFO Removed file: Fluidics_status.txt
11:33:50,384 GUI INFO All system files cleared and status reset to Idle
11:33:50,401 GUI INFO System variables cleared successfully
11:33:50,403 GUI INFO GUI reset to startup state
11:33:50,403 GUI INFO GUI: Experiment reset completed successfully
11:33:50,976 GUI INFO GUI: Starting experiment creation...
11:33:51,0 GUI INFO GUI: Experiment creation started - use experimental setup panel to continue
11:33:52,705 GUI INFO Experiment info saved: New_Experiment by User for project New_Project
11:33:52,718 GUI INFO Attempting to get available plate configs...
11:33:52,718 GUI INFO Found available configs: ['Testing', 'example', 'example_6']
11:33:55,180 GUI INFO Positions GUI: Configuration type changed to: 'Testing'
11:33:55,182 GUI INFO Positions GUI: Loading plate config for: Testing
11:33:55,183 GUI INFO Positions GUI: Looking for config file: C:\GitRepos\pyScope\Plates\Testing.json
11:33:55,185 GUI INFO Positions GUI: Loaded plate config with 1 wells
11:33:55,187 GUI INFO Positions GUI: Successfully loaded 1 wells from Testing
11:33:55,849 GUI INFO Positions GUI: Create positions button clicked
11:33:55,849 GUI INFO Positions GUI: Selected configuration type: Testing
11:33:55,949 GUI INFO Positions created successfully: 57 positions
11:33:59,528 GUI INFO Filtered positions: 57 -> 57 (removed 0 positions from wells without groups)
11:33:59,533 GUI INFO Group assignments: {'A': 'Group 1'}
11:33:59,533 GUI INFO Fluidics well assignments: {'A': 'A'}
11:33:59,534 GUI INFO Selected channels: ['FarRed', 'DeepBlue', 'Green', 'Orange']
11:33:59,534 GUI INFO Channel exposure: {'FarRed': 500, 'DeepBlue': 500, 'Green': 500, 'Orange': 500}
11:33:59,535 GUI INFO Channel delay: {'FarRed': 0.0, 'DeepBlue': 0.0, 'Green': 0.0, 'Orange': 0.0}
11:33:59,536 GUI INFO Fluidics protocols: ['hybe', 'strip']
11:33:59,536 GUI INFO Number of hybes: 18
11:33:59,536 GUI INFO Position filtering: None
11:33:59,537 GUI INFO Preview focus: None
11:33:59,537 GUI INFO Acquisition focus: None
11:33:59,538 GUI INFO Autofocus method: None
11:33:59,538 GUI INFO Steps: {'start': 0.0, 'end': 0.0, 'dz': 0.0}
11:33:59,539 GUI INFO Configuration saved successfully!
11:33:59,572 GUI INFO Experiment setup completed successfully!
11:45:56,741 GUI INFO Scope daemon started
11:45:56,741 GUI INFO Fluidics daemon not implemented yet
11:48:48,656 GUI INFO Scope daemon started
11:48:48,666 GUI INFO Fluidics daemon not implemented yet
11:48:54,70 GUI INFO Experiment launched
11:49:18,799 GUI INFO Scope launched
11:49:27,539 GUI INFO Scope killed
11:49:56,250 GUI INFO Experiment killed
11:52:12,354 GUI INFO GUI: Resetting experiment...
11:52:12,361 GUI INFO Removed file: Experiment_state.json
11:52:12,362 GUI INFO Removed file: Positions.csv
11:52:12,362 GUI INFO Removed file: Experiment_tasks.csv
11:52:12,363 GUI INFO Removed file: Experiment_status.txt
11:52:12,364 GUI INFO Removed file: Scope_status.txt
11:52:12,364 GUI INFO Removed file: Fluidics_status.txt
11:52:12,367 GUI INFO All system files cleared and status reset to Idle
11:52:12,383 GUI INFO System variables cleared successfully
11:52:12,387 GUI INFO GUI reset to startup state
11:52:12,388 GUI INFO GUI: Experiment reset completed successfully
11:52:45,104 GUI INFO Scope daemon started
11:52:45,104 GUI INFO Fluidics daemon not implemented yet
11:53:02,615 GUI INFO Experiment launched
11:53:14,834 GUI INFO Experiment killed
11:56:24,821 GUI INFO Scope daemon started
11:56:24,822 GUI INFO Fluidics daemon not implemented yet
11:56:26,578 GUI INFO Experiment launched
11:56:38,676 GUI INFO Scope daemon started
11:56:38,677 GUI INFO Fluidics daemon not implemented yet
11:56:40,570 GUI INFO Experiment launched
11:57:34,438 GUI INFO Scope daemon started
11:57:34,439 GUI INFO Fluidics daemon not implemented yet
11:57:36,862 GUI INFO Experiment launched
11:57:38,885 GUI INFO Experiment killed
11:58:03,197 GUI INFO Scope daemon started
11:58:03,199 GUI INFO Fluidics daemon not implemented yet
11:58:25,339 GUI INFO Scope daemon started
11:58:25,340 GUI INFO Fluidics daemon not implemented yet
11:58:55,974 GUI INFO Scope daemon started
11:58:55,974 GUI INFO Fluidics daemon not implemented yet
11:59:31,620 GUI INFO Scope daemon started
11:59:31,621 GUI INFO Fluidics daemon not implemented yet
12:00:28,962 GUI INFO Scope daemon started
12:00:28,962 GUI INFO Fluidics daemon not implemented yet
12:02:20,988 GUI INFO Scope daemon started
12:02:20,988 GUI INFO Fluidics daemon not implemented yet
12:07:07,948 GUI INFO Scope daemon started
12:07:07,948 GUI INFO Fluidics daemon not implemented yet
12:12:32,913 GUI INFO Scope daemon started
12:12:32,914 GUI INFO Fluidics daemon not implemented yet
12:13:03,801 GUI INFO Scope daemon started
12:13:03,801 GUI INFO Fluidics daemon not implemented yet
12:17:17,944 GUI INFO Scope daemon started
12:17:17,944 GUI INFO Fluidics daemon not implemented yet
12:17:50,275 GUI INFO Scope launched
12:17:52,896 GUI INFO Experiment launched
12:17:55,330 GUI INFO Scope killed
12:17:56,943 GUI INFO Experiment killed
12:17:58,419 GUI INFO Experiment launched
12:18:00,689 GUI INFO Scope launched
12:18:04,723 GUI INFO Scope killed
12:18:05,517 GUI INFO Experiment killed
12:20:03,183 GUI INFO Scope daemon started
12:20:03,184 GUI INFO Fluidics daemon not implemented yet
12:20:05,566 GUI INFO Fluidics launched
12:20:11,643 GUI INFO Fluidics killed
12:40:47,995 GUI INFO Scope daemon started
12:40:47,995 GUI INFO Fluidics daemon not implemented yet
12:40:49,733 GUI INFO GUI: Starting experiment creation...
12:40:49,743 GUI INFO GUI: Experiment creation started - use experimental setup panel to continue
12:40:53,178 GUI INFO Experiment info saved: New_Experiment by User for project New_Project
12:40:53,193 GUI INFO Attempting to get available plate configs...
12:40:53,194 GUI INFO Found available configs: ['Testing', 'example', 'example_6']
12:40:56,456 GUI INFO Positions GUI: Configuration type changed to: 'Testing'
12:40:56,457 GUI INFO Positions GUI: Loading plate config for: Testing
12:40:56,457 GUI INFO Positions GUI: Looking for config file: C:\GitRepos\pyScope\Plates\Testing.json
12:40:56,459 GUI INFO Positions GUI: Loaded plate config with 1 wells
12:40:56,460 GUI INFO Positions GUI: Successfully loaded 1 wells from Testing
12:40:57,320 GUI INFO Positions GUI: Create positions button clicked
12:40:57,322 GUI INFO Positions GUI: Selected configuration type: Testing
12:40:57,452 GUI INFO Positions created successfully: 57 positions
12:41:01,332 GUI INFO Filtered positions: 57 -> 57 (removed 0 positions from wells without groups)
12:41:01,344 GUI INFO Group assignments: {'A': 'Group 1'}
12:41:01,345 GUI INFO Fluidics well assignments: {'A': 'A'}
12:41:01,345 GUI INFO Selected channels: ['FarRed', 'DeepBlue', 'Green', 'Orange']
12:41:01,345 GUI INFO Channel exposure: {'FarRed': 500, 'DeepBlue': 500, 'Green': 500, 'Orange': 500}
12:41:01,346 GUI INFO Channel delay: {'FarRed': 0.0, 'DeepBlue': 0.0, 'Green': 0.0, 'Orange': 0.0}
12:41:01,346 GUI INFO Fluidics protocols: ['hybe', 'strip']
12:41:01,346 GUI INFO Number of hybes: 18
12:41:01,347 GUI INFO Position filtering: None
12:41:01,347 GUI INFO Preview focus: None
12:41:01,347 GUI INFO Acquisition focus: None
12:41:01,348 GUI INFO Autofocus method: None
12:41:01,348 GUI INFO Steps: {'start': 0.0, 'end': 0.0, 'dz': 0.0}
12:41:01,349 GUI INFO Configuration saved successfully!
12:41:01,383 GUI INFO Experiment setup completed successfully!
12:50:13,410 GUI INFO Scope daemon started
12:50:13,411 GUI INFO Fluidics daemon not implemented yet
12:50:14,928 GUI INFO GUI: Starting experiment creation...
12:50:14,938 GUI INFO GUI: Experiment creation started - use experimental setup panel to continue
12:50:16,104 GUI WARNING Error saving experiment info: 'Experiment' object has no attribute '_save_experiment_config'
12:50:16,109 GUI INFO Attempting to get available plate configs...
12:50:16,110 GUI INFO Found available configs: ['Testing', 'example', 'example_6']
12:50:17,642 GUI INFO Positions GUI: Configuration type changed to: 'Testing'
12:50:17,643 GUI INFO Positions GUI: Loading plate config for: Testing
12:50:17,643 GUI INFO Positions GUI: Looking for config file: C:\GitRepos\pyScope\Plates\Testing.json
12:50:17,644 GUI INFO Positions GUI: Loaded plate config with 1 wells
12:50:17,644 GUI INFO Positions GUI: Successfully loaded 1 wells from Testing
12:50:18,742 GUI INFO Positions GUI: Create positions button clicked
12:50:18,743 GUI INFO Positions GUI: Selected configuration type: Testing
12:50:18,858 GUI ERROR Error creating positions: 'Experiment' object has no attribute '_save_positions'
12:50:31,885 GUI INFO Scope daemon started
12:50:31,885 GUI INFO Fluidics daemon not implemented yet
12:50:33,387 GUI INFO GUI: Starting experiment creation...
12:50:33,396 GUI INFO GUI: Experiment creation started - use experimental setup panel to continue
12:50:34,632 GUI WARNING Error saving experiment info: 'Experiment' object has no attribute '_save_experiment_config'
12:50:34,638 GUI INFO Attempting to get available plate configs...
12:50:34,638 GUI INFO Found available configs: ['Testing', 'example', 'example_6']
12:50:36,22 GUI INFO Positions GUI: Configuration type changed to: 'Testing'
12:50:36,23 GUI INFO Positions GUI: Loading plate config for: Testing
12:50:36,24 GUI INFO Positions GUI: Looking for config file: C:\GitRepos\pyScope\Plates\Testing.json
12:50:36,25 GUI INFO Positions GUI: Loaded plate config with 1 wells
12:50:36,25 GUI INFO Positions GUI: Successfully loaded 1 wells from Testing
12:50:36,693 GUI INFO Positions GUI: Create positions button clicked
12:50:36,693 GUI INFO Positions GUI: Selected configuration type: Testing
12:50:36,801 GUI INFO Positions created successfully: 57 positions
12:50:39,290 GUI INFO Filtered positions: 57 -> 57 (removed 0 positions from wells without groups)
12:50:39,298 GUI INFO Group assignments: {'A': 'Group 1'}
12:50:39,298 GUI INFO Fluidics well assignments: {'A': 'A'}
12:50:39,299 GUI INFO Selected channels: ['FarRed', 'DeepBlue', 'Green', 'Orange']
12:50:39,299 GUI INFO Channel exposure: {'FarRed': 500, 'DeepBlue': 500, 'Green': 500, 'Orange': 500}
12:50:39,299 GUI INFO Channel delay: {'FarRed': 0.0, 'DeepBlue': 0.0, 'Green': 0.0, 'Orange': 0.0}
12:50:39,300 GUI INFO Fluidics protocols: ['hybe', 'strip']
12:50:39,300 GUI INFO Number of hybes: 18
12:50:39,300 GUI INFO Position filtering: None
12:50:39,301 GUI INFO Preview focus: None
12:50:39,301 GUI INFO Acquisition focus: None
12:50:39,301 GUI INFO Autofocus method: None
12:50:39,301 GUI INFO Steps: {'start': 0.0, 'end': 0.0, 'dz': 0.0}
12:50:39,302 GUI INFO Configuration saved successfully!
12:50:39,302 GUI ERROR Error saving experiment configuration: 'Experiment' object has no attribute '_save_experiment_config'
12:51:20,436 GUI INFO Scope daemon started
12:51:20,436 GUI INFO Fluidics daemon not implemented yet
12:51:21,760 GUI INFO GUI: Starting experiment creation...
12:51:21,770 GUI INFO GUI: Experiment creation started - use experimental setup panel to continue
12:51:22,948 GUI INFO Experiment info saved: New_Experiment by User for project New_Project
12:51:22,958 GUI INFO Attempting to get available plate configs...
12:51:22,959 GUI INFO Found available configs: ['Testing', 'example', 'example_6']
12:51:24,371 GUI INFO Positions GUI: Configuration type changed to: 'Testing'
12:51:24,372 GUI INFO Positions GUI: Loading plate config for: Testing
12:51:24,373 GUI INFO Positions GUI: Looking for config file: C:\GitRepos\pyScope\Plates\Testing.json
12:51:24,374 GUI INFO Positions GUI: Loaded plate config with 1 wells
12:51:24,375 GUI INFO Positions GUI: Successfully loaded 1 wells from Testing
12:51:24,947 GUI INFO Positions GUI: Create positions button clicked
12:51:24,947 GUI INFO Positions GUI: Selected configuration type: Testing
12:51:25,64 GUI INFO Positions created successfully: 57 positions
12:51:28,137 GUI INFO Filtered positions: 57 -> 57 (removed 0 positions from wells without groups)
12:51:28,142 GUI INFO Group assignments: {'A': 'Group 1'}
12:51:28,143 GUI INFO Fluidics well assignments: {'A': 'A'}
12:51:28,144 GUI INFO Selected channels: ['FarRed', 'DeepBlue', 'Green', 'Orange']
12:51:28,144 GUI INFO Channel exposure: {'FarRed': 500, 'DeepBlue': 500, 'Green': 500, 'Orange': 500}
12:51:28,145 GUI INFO Channel delay: {'FarRed': 0.0, 'DeepBlue': 0.0, 'Green': 0.0, 'Orange': 0.0}
12:51:28,146 GUI INFO Fluidics protocols: ['hybe', 'strip']
12:51:28,146 GUI INFO Number of hybes: 18
12:51:28,147 GUI INFO Position filtering: None
12:51:28,148 GUI INFO Preview focus: None
12:51:28,149 GUI INFO Acquisition focus: None
12:51:28,149 GUI INFO Autofocus method: None
12:51:28,150 GUI INFO Steps: {'start': 0.0, 'end': 0.0, 'dz': 0.0}
12:51:28,151 GUI INFO Configuration saved successfully!
12:51:28,153 GUI ERROR Error saving experiment configuration: 'Experiment' object has no attribute '_save_experiment_config'
12:51:56,558 GUI INFO Scope daemon started
12:51:56,559 GUI INFO Fluidics daemon not implemented yet
12:51:57,741 GUI INFO GUI: Starting experiment creation...
12:51:57,764 GUI INFO GUI: Experiment creation started - use experimental setup panel to continue
12:51:58,705 GUI INFO Experiment info saved: New_Experiment by User for project New_Project
12:51:58,715 GUI INFO Attempting to get available plate configs...
12:51:58,716 GUI INFO Found available configs: ['Testing', 'example', 'example_6']
12:52:00,210 GUI INFO Positions GUI: Configuration type changed to: 'Testing'
12:52:00,211 GUI INFO Positions GUI: Loading plate config for: Testing
12:52:00,211 GUI INFO Positions GUI: Looking for config file: C:\GitRepos\pyScope\Plates\Testing.json
12:52:00,212 GUI INFO Positions GUI: Loaded plate config with 1 wells
12:52:00,213 GUI INFO Positions GUI: Successfully loaded 1 wells from Testing
12:52:00,686 GUI INFO Positions GUI: Create positions button clicked
12:52:00,688 GUI INFO Positions GUI: Selected configuration type: Testing
12:52:00,805 GUI INFO Positions created successfully: 57 positions
12:52:03,658 GUI INFO Filtered positions: 57 -> 57 (removed 0 positions from wells without groups)
12:52:03,666 GUI INFO Group assignments: {'A': 'Group 1'}
12:52:03,667 GUI INFO Fluidics well assignments: {'A': 'A'}
12:52:03,667 GUI INFO Selected channels: ['FarRed', 'DeepBlue', 'Green', 'Orange']
12:52:03,667 GUI INFO Channel exposure: {'FarRed': 500, 'DeepBlue': 500, 'Green': 500, 'Orange': 500}
12:52:03,668 GUI INFO Channel delay: {'FarRed': 0.0, 'DeepBlue': 0.0, 'Green': 0.0, 'Orange': 0.0}
12:52:03,668 GUI INFO Fluidics protocols: ['hybe', 'strip']
12:52:03,668 GUI INFO Number of hybes: 18
12:52:03,669 GUI INFO Position filtering: None
12:52:03,669 GUI INFO Preview focus: None
12:52:03,669 GUI INFO Acquisition focus: None
12:52:03,670 GUI INFO Autofocus method: None
12:52:03,670 GUI INFO Steps: {'start': 0.0, 'end': 0.0, 'dz': 0.0}
12:52:03,670 GUI INFO Configuration saved successfully!
12:52:03,705 GUI INFO Experiment setup completed successfully!
12:57:30,734 GUI INFO Scope daemon started
12:57:30,735 GUI INFO Fluidics daemon not implemented yet
12:57:32,373 GUI INFO GUI: Resetting experiment...
12:57:32,379 GUI INFO Removed file: Experiment_state.json
12:57:32,380 GUI INFO Removed file: Positions.csv
12:57:32,381 GUI INFO Removed file: Experiment_tasks.csv
12:57:32,381 GUI INFO Removed file: Experiment_status.txt
12:57:32,382 GUI INFO Removed file: Scope_status.txt
12:57:32,383 GUI INFO Removed file: Fluidics_status.txt
12:57:32,388 GUI INFO All system files cleared and status reset to Idle
12:57:32,400 GUI INFO System variables cleared successfully
12:57:32,402 GUI INFO GUI reset to startup state
12:57:32,403 GUI INFO GUI: Experiment reset completed successfully
12:57:33,240 GUI INFO GUI: Starting experiment creation...
12:57:33,249 GUI INFO GUI: Experiment creation started - use experimental setup panel to continue
12:57:34,793 GUI INFO Experiment info saved: New_Experiment by User for project New_Project
12:57:34,810 GUI INFO Attempting to get available plate configs...
12:57:34,811 GUI INFO Found available configs: ['Testing', 'example', 'example_6']
12:57:36,900 GUI INFO Positions GUI: Configuration type changed to: 'Testing'
12:57:36,902 GUI INFO Positions GUI: Loading plate config for: Testing
12:57:36,903 GUI INFO Positions GUI: Looking for config file: C:\GitRepos\pyScope\Plates\Testing.json
12:57:36,905 GUI INFO Positions GUI: Loaded plate config with 1 wells
12:57:36,907 GUI INFO Positions GUI: Successfully loaded 1 wells from Testing
12:57:37,743 GUI INFO Positions GUI: Create positions button clicked
12:57:37,744 GUI INFO Positions GUI: Selected configuration type: Testing
12:57:37,859 GUI INFO Positions created successfully: 57 positions
12:57:40,701 GUI INFO Filtered positions: 57 -> 57 (removed 0 positions from wells without groups)
12:57:40,714 GUI INFO Group assignments: {'A': 'Group 1'}
12:57:40,715 GUI INFO Fluidics well assignments: {'A': 'A'}
12:57:40,716 GUI INFO Selected channels: ['FarRed', 'DeepBlue', 'Green', 'Orange']
12:57:40,717 GUI INFO Channel exposure: {'FarRed': 500, 'DeepBlue': 500, 'Green': 500, 'Orange': 500}
12:57:40,718 GUI INFO Channel delay: {'FarRed': 0.0, 'DeepBlue': 0.0, 'Green': 0.0, 'Orange': 0.0}
12:57:40,719 GUI INFO Fluidics protocols: ['hybe', 'strip']
12:57:40,720 GUI INFO Number of hybes: 18
12:57:40,721 GUI INFO Position filtering: None
12:57:40,722 GUI INFO Preview focus: None
12:57:40,723 GUI INFO Acquisition focus: None
12:57:40,724 GUI INFO Autofocus method: None
12:57:40,724 GUI INFO Steps: {'start': 0.0, 'end': 0.0, 'dz': 0.0}
12:57:40,725 GUI INFO Configuration saved successfully!
12:57:40,761 GUI INFO Experiment setup completed successfully!
12:58:47,786 GUI INFO Scope daemon started
12:58:47,786 GUI INFO Fluidics daemon not implemented yet
12:58:48,837 GUI INFO GUI: Starting experiment creation...
12:58:48,852 GUI INFO GUI: Experiment creation started - use experimental setup panel to continue
12:58:50,25 GUI INFO Experiment info saved: New_Experiment by User for project New_Project
12:58:50,38 GUI INFO Attempting to get available plate configs...
12:58:50,38 GUI INFO Found available configs: ['Testing', 'example', 'example_6']
12:58:51,108 GUI INFO Positions GUI: Configuration type changed to: 'Testing'
12:58:51,108 GUI INFO Positions GUI: Loading plate config for: Testing
12:58:51,109 GUI INFO Positions GUI: Looking for config file: C:\GitRepos\pyScope\Plates\Testing.json
12:58:51,109 GUI INFO Positions GUI: Loaded plate config with 1 wells
12:58:51,110 GUI INFO Positions GUI: Successfully loaded 1 wells from Testing
12:58:51,597 GUI INFO Positions GUI: Create positions button clicked
12:58:51,598 GUI INFO Positions GUI: Selected configuration type: Testing
12:58:51,704 GUI INFO Positions created successfully: 57 positions
12:58:54,417 GUI INFO Filtered positions: 57 -> 57 (removed 0 positions from wells without groups)
12:58:54,421 GUI INFO Group assignments: {'A': 'Group 1'}
12:58:54,421 GUI INFO Fluidics well assignments: {'A': 'A'}
12:58:54,422 GUI INFO Selected channels: ['FarRed', 'DeepBlue', 'Green', 'Orange']
12:58:54,422 GUI INFO Channel exposure: {'FarRed': 500, 'DeepBlue': 500, 'Green': 500, 'Orange': 500}
12:58:54,422 GUI INFO Channel delay: {'FarRed': 0.0, 'DeepBlue': 0.0, 'Green': 0.0, 'Orange': 0.0}
12:58:54,422 GUI INFO Fluidics protocols: ['hybe', 'strip']
12:58:54,423 GUI INFO Number of hybes: 18
12:58:54,423 GUI INFO Position filtering: None
12:58:54,423 GUI INFO Preview focus: None
12:58:54,424 GUI INFO Acquisition focus: None
12:58:54,424 GUI INFO Autofocus method: None
12:58:54,425 GUI INFO Steps: {'start': 0.0, 'end': 0.0, 'dz': 0.0}
12:58:54,425 GUI INFO Configuration saved successfully!
12:58:54,458 GUI INFO Experiment setup completed successfully!
13:00:19,996 GUI INFO Scope daemon started
13:00:19,997 GUI INFO Fluidics daemon not implemented yet
13:00:21,30 GUI INFO GUI: Starting experiment creation...
13:00:21,41 GUI INFO GUI: Experiment creation started - use experimental setup panel to continue
13:00:22,121 GUI INFO Experiment info saved: New_Experiment by User for project New_Project
13:00:22,140 GUI INFO Attempting to get available plate configs...
13:00:22,141 GUI INFO Found available configs: ['Testing', 'example', 'example_6']
13:00:23,917 GUI INFO Positions GUI: Configuration type changed to: 'Testing'
13:00:23,918 GUI INFO Positions GUI: Loading plate config for: Testing
13:00:23,919 GUI INFO Positions GUI: Looking for config file: C:\GitRepos\pyScope\Plates\Testing.json
13:00:23,919 GUI INFO Positions GUI: Loaded plate config with 1 wells
13:00:23,920 GUI INFO Positions GUI: Successfully loaded 1 wells from Testing
13:00:24,671 GUI INFO Positions GUI: Create positions button clicked
13:00:24,672 GUI INFO Positions GUI: Selected configuration type: Testing
13:00:24,788 GUI INFO Positions created successfully: 57 positions
13:00:27,414 GUI INFO Filtered positions: 57 -> 57 (removed 0 positions from wells without groups)
13:00:27,417 GUI INFO Group assignments: {'A': 'Group 1'}
13:00:27,418 GUI INFO Fluidics well assignments: {'A': 'A'}
13:00:27,418 GUI INFO Selected channels: ['FarRed', 'DeepBlue', 'Green', 'Orange']
13:00:27,418 GUI INFO Channel exposure: {'FarRed': 500, 'DeepBlue': 500, 'Green': 500, 'Orange': 500}
13:00:27,419 GUI INFO Channel delay: {'FarRed': 0.0, 'DeepBlue': 0.0, 'Green': 0.0, 'Orange': 0.0}
13:00:27,419 GUI INFO Fluidics protocols: ['hybe', 'strip']
13:00:27,419 GUI INFO Number of hybes: 18
13:00:27,420 GUI INFO Position filtering: None
13:00:27,420 GUI INFO Preview focus: None
13:00:27,421 GUI INFO Acquisition focus: None
13:00:27,421 GUI INFO Autofocus method: None
13:00:27,421 GUI INFO Steps: {'start': 0.0, 'end': 0.0, 'dz': 0.0}
13:00:27,422 GUI INFO Configuration saved successfully!
13:00:27,455 GUI INFO Experiment setup completed successfully!
13:02:25,835 GUI INFO Scope daemon started
13:02:25,836 GUI INFO Fluidics daemon not implemented yet
13:02:31,125 GUI INFO GUI: Resetting experiment...
13:02:31,135 GUI INFO Removed file: Experiment_state.json
13:02:31,136 GUI INFO Removed file: Positions.csv
13:02:31,137 GUI INFO Removed file: Experiment_tasks.csv
13:02:31,138 GUI INFO Removed file: Experiment_status.txt
13:02:31,139 GUI INFO Removed file: Scope_status.txt
13:02:31,140 GUI INFO Removed file: Fluidics_status.txt
13:02:31,143 GUI INFO All system files cleared and status reset to Idle
13:02:31,158 GUI INFO System variables cleared successfully
13:02:31,160 GUI INFO GUI reset to startup state
13:02:31,160 GUI INFO GUI: Experiment reset completed successfully
13:02:35,367 GUI INFO GUI: Starting experiment creation...
13:02:35,375 GUI INFO GUI: Experiment creation started - use experimental setup panel to continue
13:02:36,488 GUI INFO Experiment info saved: New_Experiment by User for project New_Project
13:02:36,498 GUI INFO Attempting to get available plate configs...
13:02:36,499 GUI INFO Found available configs: ['Testing', 'example', 'example_6']
13:02:38,360 GUI INFO Positions GUI: Configuration type changed to: 'Testing'
13:02:38,362 GUI INFO Positions GUI: Loading plate config for: Testing
13:02:38,364 GUI INFO Positions GUI: Looking for config file: C:\GitRepos\pyScope\Plates\Testing.json
13:02:38,366 GUI INFO Positions GUI: Loaded plate config with 1 wells
13:02:38,368 GUI INFO Positions GUI: Successfully loaded 1 wells from Testing
13:02:39,297 GUI INFO Positions GUI: Create positions button clicked
13:02:39,298 GUI INFO Positions GUI: Selected configuration type: Testing
13:02:39,403 GUI INFO Positions created successfully: 57 positions
13:02:42,239 GUI INFO Filtered positions: 57 -> 57 (removed 0 positions from wells without groups)
13:02:42,246 GUI INFO Group assignments: {'A': 'Group 1'}
13:02:42,247 GUI INFO Fluidics well assignments: {'A': 'A'}
13:02:42,247 GUI INFO Selected channels: ['FarRed', 'DeepBlue', 'Green', 'Orange']
13:02:42,247 GUI INFO Channel exposure: {'FarRed': 500, 'DeepBlue': 500, 'Green': 500, 'Orange': 500}
13:02:42,248 GUI INFO Channel delay: {'FarRed': 0.0, 'DeepBlue': 0.0, 'Green': 0.0, 'Orange': 0.0}
13:02:42,248 GUI INFO Fluidics protocols: ['hybe', 'strip']
13:02:42,249 GUI INFO Number of hybes: 18
13:02:42,249 GUI INFO Position filtering: None
13:02:42,249 GUI INFO Preview focus: None
13:02:42,250 GUI INFO Acquisition focus: None
13:02:42,250 GUI INFO Autofocus method: None
13:02:42,250 GUI INFO Steps: {'start': 0.0, 'end': 0.0, 'dz': 0.0}
13:02:42,250 GUI INFO Configuration saved successfully!
13:02:42,280 GUI INFO Experiment setup completed successfully!
13:24:52,429 GUI INFO Scope daemon started
13:24:52,429 GUI INFO Fluidics daemon not implemented yet
13:25:32,681 GUI INFO Scope daemon started
13:25:32,681 GUI INFO Fluidics daemon not implemented yet
13:26:55,425 GUI INFO Scope daemon started
13:26:55,425 GUI INFO Fluidics daemon not implemented yet
13:26:57,970 GUI INFO GUI: Dynamic panel hidden
13:27:04,336 GUI INFO GUI: Dynamic panel shown
13:27:07,180 GUI INFO GUI: Dynamic panel hidden
13:27:07,878 GUI INFO GUI: Dynamic panel shown
13:27:15,588 GUI INFO Scope daemon started
13:27:15,589 GUI INFO Fluidics daemon not implemented yet
13:27:16,679 GUI INFO GUI: Starting experiment creation...
13:27:16,694 GUI INFO GUI: Experiment creation started - use experimental setup panel to continue
13:27:17,717 GUI INFO Experiment info saved: New_Experiment by User for project New_Project
13:27:17,730 GUI INFO Attempting to get available plate configs...
13:27:17,730 GUI INFO Found available configs: ['Testing', 'example', 'example_6']
13:27:19,423 GUI INFO Positions GUI: Configuration type changed to: 'Testing'
13:27:19,424 GUI INFO Positions GUI: Loading plate config for: Testing
13:27:19,424 GUI INFO Positions GUI: Looking for config file: C:\GitRepos\pyScope\Plates\Testing.json
13:27:19,425 GUI INFO Positions GUI: Loaded plate config with 1 wells
13:27:19,426 GUI INFO Positions GUI: Successfully loaded 1 wells from Testing
13:27:20,212 GUI INFO Positions GUI: Create positions button clicked
13:27:20,212 GUI INFO Positions GUI: Selected configuration type: Testing
13:27:20,319 GUI INFO Positions created successfully: 57 positions
13:27:23,243 GUI INFO Filtered positions: 57 -> 57 (removed 0 positions from wells without groups)
13:27:23,250 GUI INFO Group assignments: {'A': 'Group 1'}
13:27:23,250 GUI INFO Fluidics well assignments: {'A': 'A'}
13:27:23,250 GUI INFO Selected channels: ['FarRed', 'DeepBlue', 'Green', 'Orange']
13:27:23,251 GUI INFO Channel exposure: {'FarRed': 500, 'DeepBlue': 500, 'Green': 500, 'Orange': 500}
13:27:23,251 GUI INFO Channel delay: {'FarRed': 0.0, 'DeepBlue': 0.0, 'Green': 0.0, 'Orange': 0.0}
13:27:23,252 GUI INFO Fluidics protocols: ['hybe', 'strip']
13:27:23,252 GUI INFO Number of hybes: 18
13:27:23,252 GUI INFO Position filtering: None
13:27:23,253 GUI INFO Preview focus: None
13:27:23,253 GUI INFO Acquisition focus: None
13:27:23,254 GUI INFO Autofocus method: None
13:27:23,254 GUI INFO Steps: {'start': 0.0, 'end': 0.0, 'dz': 0.0}
13:27:23,254 GUI INFO Configuration saved successfully!
13:27:23,287 GUI INFO Experiment setup completed successfully!
13:27:28,318 GUI INFO GUI: Starting experiment creation...
13:27:28,343 GUI INFO GUI: Experiment creation started - use experimental setup panel to continue
13:27:29,824 GUI INFO GUI: Resetting experiment...
13:27:29,835 GUI INFO Removed file: Experiment_state.json
13:27:29,836 GUI INFO Removed file: Positions.csv
13:27:29,836 GUI INFO Removed file: Experiment_tasks.csv
13:27:29,838 GUI INFO Removed file: Experiment_status.txt
13:27:29,838 GUI INFO Removed file: Scope_status.txt
13:27:29,839 GUI INFO Removed file: Fluidics_status.txt
13:27:29,842 GUI INFO All system files cleared and status reset to Idle
13:27:29,853 GUI INFO System variables cleared successfully
13:27:29,858 GUI INFO GUI reset to startup state
13:27:29,859 GUI INFO GUI: Experiment reset completed successfully
13:27:30,482 GUI INFO GUI: Starting experiment creation...
13:27:30,492 GUI INFO GUI: Experiment creation started - use experimental setup panel to continue
13:27:31,872 GUI INFO Experiment info saved: New_Experiment by User for project New_Project
13:27:31,905 GUI INFO Attempting to get available plate configs...
13:27:31,906 GUI INFO Found available configs: ['Testing', 'example', 'example_6']
13:27:33,417 GUI INFO Positions GUI: Configuration type changed to: 'Testing'
13:27:33,418 GUI INFO Positions GUI: Loading plate config for: Testing
13:27:33,418 GUI INFO Positions GUI: Looking for config file: C:\GitRepos\pyScope\Plates\Testing.json
13:27:33,419 GUI INFO Positions GUI: Loaded plate config with 1 wells
13:27:33,419 GUI INFO Positions GUI: Successfully loaded 1 wells from Testing
13:27:34,783 GUI INFO Positions GUI: Create positions button clicked
13:27:34,783 GUI INFO Positions GUI: Selected configuration type: Testing
13:27:34,905 GUI INFO Positions created successfully: 57 positions
13:27:37,786 GUI INFO Filtered positions: 57 -> 57 (removed 0 positions from wells without groups)
13:27:37,795 GUI INFO Group assignments: {'A': 'Group 1'}
13:27:37,795 GUI INFO Fluidics well assignments: {'A': 'A'}
13:27:37,796 GUI INFO Selected channels: ['FarRed', 'DeepBlue', 'Green', 'Orange']
13:27:37,796 GUI INFO Channel exposure: {'FarRed': 500, 'DeepBlue': 500, 'Green': 500, 'Orange': 500}
13:27:37,797 GUI INFO Channel delay: {'FarRed': 0.0, 'DeepBlue': 0.0, 'Green': 0.0, 'Orange': 0.0}
13:27:37,797 GUI INFO Fluidics protocols: ['hybe', 'strip']
13:27:37,798 GUI INFO Number of hybes: 18
13:27:37,798 GUI INFO Position filtering: None
13:27:37,798 GUI INFO Preview focus: None
13:27:37,799 GUI INFO Acquisition focus: None
13:27:37,799 GUI INFO Autofocus method: None
13:27:37,799 GUI INFO Steps: {'start': 0.0, 'end': 0.0, 'dz': 0.0}
13:27:37,799 GUI INFO Configuration saved successfully!
13:27:37,832 GUI INFO Experiment setup completed successfully!
13:27:42,269 GUI INFO GUI: Dynamic panel hidden
13:27:44,222 GUI INFO GUI: Dynamic panel shown
13:30:10,17 GUI INFO Scope daemon started
13:30:10,17 GUI INFO Fluidics daemon not implemented yet
13:30:12,212 GUI INFO GUI: Dynamic panel hidden, window resized to 768x1017
13:30:13,725 GUI INFO GUI: Dynamic panel shown, window restored to original size
13:30:24,444 GUI INFO GUI: Dynamic panel hidden, window resized to 768x1017
13:30:27,454 GUI INFO GUI: Dynamic panel shown, window restored to original size
13:30:28,534 GUI INFO GUI: Dynamic panel hidden, window resized to 768x1017
13:30:29,344 GUI INFO GUI: Dynamic panel shown, window restored to original size
13:30:30,47 GUI INFO GUI: Dynamic panel hidden, window resized to 768x1017
13:31:10,728 GUI INFO Scope daemon started
13:31:10,729 GUI INFO Fluidics daemon not implemented yet
13:33:06,508 GUI INFO Scope daemon started
13:33:06,509 GUI INFO Fluidics daemon not implemented yet
13:33:08,907 GUI INFO Fluidics launched
13:33:10,921 GUI INFO Fluidics killed
13:33:11,942 GUI INFO Scope launched
13:33:13,966 GUI INFO Scope killed
13:33:14,487 GUI INFO Experiment launched
13:33:17,509 GUI INFO Experiment killed
13:33:19,478 GUI INFO GUI: Resetting experiment...
13:33:19,486 GUI INFO Removed file: Experiment_state.json
13:33:19,487 GUI INFO Removed file: Positions.csv
13:33:19,487 GUI INFO Removed file: Experiment_tasks.csv
13:33:19,488 GUI INFO Removed file: Experiment_status.txt
13:33:19,488 GUI INFO Removed file: Scope_status.txt
13:33:19,489 GUI INFO Removed file: Fluidics_status.txt
13:33:19,491 GUI INFO All system files cleared and status reset to Idle
13:33:19,506 GUI INFO System variables cleared successfully
13:33:19,508 GUI INFO GUI reset to startup state
13:33:19,508 GUI INFO GUI: Experiment reset completed successfully
13:33:20,191 GUI INFO GUI: Starting experiment creation...
13:33:20,209 GUI INFO GUI: Experiment creation started - use experimental setup panel to continue
13:33:21,391 GUI INFO Experiment info saved: New_Experiment by User for project New_Project
13:33:21,403 GUI INFO Attempting to get available plate configs...
13:33:21,404 GUI INFO Found available configs: ['Testing', 'example', 'example_6']
13:33:22,808 GUI INFO Positions GUI: Configuration type changed to: 'Testing'
13:33:22,808 GUI INFO Positions GUI: Loading plate config for: Testing
13:33:22,809 GUI INFO Positions GUI: Looking for config file: C:\GitRepos\pyScope\Plates\Testing.json
13:33:22,809 GUI INFO Positions GUI: Loaded plate config with 1 wells
13:33:22,810 GUI INFO Positions GUI: Successfully loaded 1 wells from Testing
13:33:24,692 GUI INFO Positions GUI: Configuration type changed to: 'Custom Grid'
13:33:26,765 GUI INFO Positions GUI: Configuration type changed to: 'Custom Manual'
13:33:28,452 GUI INFO Positions GUI: Configuration type changed to: 'Load Wells From File'
13:33:30,83 GUI INFO Positions GUI: Configuration type changed to: 'Load Positions From File'
13:47:57,810 GUI INFO Scope daemon started
13:47:57,810 GUI INFO Fluidics daemon not implemented yet
13:49:30,191 GUI INFO Scope daemon started
13:49:30,192 GUI INFO Fluidics daemon not implemented yet
13:52:29,83 GUI INFO Scope daemon started
13:52:29,84 GUI INFO Fluidics daemon not implemented yet
13:53:06,816 GUI INFO Scope daemon started
13:53:06,816 GUI INFO Fluidics daemon not implemented yet
13:54:25,113 GUI INFO Scope daemon started
13:54:25,114 GUI INFO Fluidics daemon not implemented yet
13:54:27,283 GUI INFO Fluidics launched
13:54:38,477 GUI INFO Fluidics killed
14:09:54,340 GUI INFO Scope daemon started
14:09:54,341 GUI INFO Fluidics daemon not implemented yet
14:14:13,814 Gui INFO Checking Device Availability
14:14:13,819 Gui INFO Communicating with Device:Command:Valve*[A]*TBS+1
14:14:13,823 Gui INFO Checking if Device is Reponsive
14:23:58,27 Gui INFO Checking Device Availability
14:23:58,41 Gui INFO Communicating with Device:Command:Valve*[A]*TBS+2
14:23:58,46 Gui INFO Checking if Device is Reponsive
14:37:04,346 Gui INFO Checking Device Availability
14:37:04,360 Gui INFO Communicating with Device:Command:Valve*[A]*A+1
14:37:04,365 Gui INFO Checking if Device is Reponsive
14:49:44,985 Gui INFO Checking Device Availability
14:50:56,380 Gui INFO Checking Device Availability
14:51:09,647 Gui INFO Checking Device Availability
14:54:13,203 Gui INFO Checking Device Availability
14:55:36,937 Gui INFO Checking Device Availability
14:55:36,944 Gui INFO Communicating with Device:Command:Valve*[A]*TBS+1
14:55:36,947 Gui INFO Checking if Device is Reponsive
15:03:03,851 Gui INFO Checking Device Availability
15:03:03,859 Gui INFO Communicating with Device:Command:Valve*[A]*TBS+1
15:03:03,862 Gui INFO Checking if Device is Reponsive
15:03:04,869 Gui INFO Waiting Until Protocol is Complete
15:04:16,139 Gui INFO Protocol is Complete
15:05:01,549 GUI INFO Fluidics launched
15:05:12,842 Gui INFO Checking Device Availability
15:05:12,859 Gui INFO Communicating with Device:Command:Valve*[A]*TBS+1
15:05:12,871 Gui INFO Checking if Device is Reponsive
15:05:13,698 Gui INFO Waiting Until Protocol is Complete
15:06:24,982 Gui INFO Protocol is Complete
15:12:33,63 Gui INFO Checking Device Availability
15:12:33,68 Gui INFO Communicating with Device:Command:Valve*[A]*TBS+1
15:12:33,71 Gui INFO Checking if Device is Reponsive
15:12:33,751 Gui INFO Waiting Until Protocol is Complete
15:13:45,27 Gui INFO Protocol is Complete
15:15:34,222 Gui INFO Checking Device Availability
15:15:34,244 Gui INFO Communicating with Device:Command:Valve*[A]*TBS+1
15:15:34,248 Gui INFO Checking if Device is Reponsive
15:15:51,785 GUI INFO Fluidics launched
15:17:37,523 Gui INFO Checking Device Availability
15:17:37,527 Gui INFO Communicating with Device:Command:Valve*[A]*TBS+1
15:17:37,530 Gui INFO Checking if Device is Reponsive
15:17:41,852 GUI INFO Fluidics launched
15:17:41,881 Gui INFO Waiting Until Protocol is Complete
15:18:53,142 Gui INFO Protocol is Complete
15:19:50,716 Gui INFO Checking Device Availability
15:19:50,729 Gui INFO Communicating with Device:Command:Valve*[A]*TBS+1
15:19:50,733 Gui INFO Checking if Device is Reponsive
15:19:57,3 GUI INFO Fluidics launched
15:19:57,21 Gui INFO Waiting Until Protocol is Complete
15:21:08,316 Gui INFO Protocol is Complete
15:24:13,79 GUI INFO Fluidics: Fluidics paused - stored previous status: Finished:Valve*[A]*TBS+1
15:24:13,80 GUI INFO Fluidics paused
15:25:08,422 Gui INFO Checking Device Availability
15:27:14,38 GUI INFO GUI: Resetting experiment...
15:27:14,47 GUI INFO Removed file: Experiment_state.json
15:27:14,48 GUI INFO Removed file: Experiment_status.txt
15:27:14,48 GUI INFO Removed file: Scope_status.txt
15:27:14,49 GUI INFO Removed file: Fluidics_state.json
15:27:14,49 GUI INFO Removed file: Fluidics_task_idx.txt
15:27:14,50 GUI INFO Removed file: Fluidics_status.txt
15:27:14,53 GUI INFO All system files cleared and status reset to Idle
15:27:14,67 Gui INFO Communicating with Device:Command:Valve*[A]*TBS+1
15:27:14,69 GUI INFO System variables cleared successfully
15:27:14,71 GUI INFO GUI reset to startup state
15:27:14,72 GUI INFO GUI: Experiment reset completed successfully
15:27:14,72 Gui INFO Checking if Device is Reponsive
15:27:25,410 GUI INFO Fluidics: Fluidics paused - stored previous status: Command:Valve*[A]*TBS+1
15:27:25,419 GUI INFO Fluidics paused
15:27:27,53 GUI INFO Fluidics: Fluidics resumed - restoring previous status: Command:Valve*[A]*TBS+1
15:27:27,58 GUI INFO Fluidics resumed
15:27:32,285 GUI INFO Fluidics: Fluidics paused - stored previous status: Command:Valve*[A]*TBS+1
15:27:32,288 GUI INFO Fluidics paused
15:27:33,614 GUI INFO Fluidics launched
15:27:40,225 GUI INFO Fluidics: Fluidics resumed - restoring previous status: Command:Valve*[A]*TBS+1
15:27:40,229 GUI INFO Fluidics resumed
15:27:40,712 Gui INFO Waiting Until Protocol is Complete
15:28:51,999 Gui INFO Protocol is Complete
15:37:57,863 Gui INFO Checking Device Availability
15:37:57,876 Gui INFO Communicating with Device:Command:Valve*[A,B,C]*TBS+1!
15:37:57,881 Gui INFO Checking if Device is Reponsive
15:37:58,713 Gui INFO Waiting Until Protocol is Complete
15:37:59,789 Gui INFO Protocol is Complete
18:51:51,268 GUI INFO GUI: Starting experiment creation...
18:51:51,299 GUI INFO GUI: Experiment creation started - use experimental setup panel to continue
18:51:53,5 GUI INFO Experiment info saved: New_Experiment by User for project New_Project
18:51:53,15 GUI INFO Attempting to get available plate configs...
18:51:53,16 GUI INFO Found available configs: ['Testing', 'example', 'example_6']
18:51:54,854 GUI INFO Positions GUI: Configuration type changed to: 'Testing'
18:51:54,855 GUI INFO Positions GUI: Loading plate config for: Testing
18:51:54,856 GUI INFO Positions GUI: Looking for config file: C:\GitRepos\pyScope\Plates\Testing.json
18:51:54,857 GUI INFO Positions GUI: Loaded plate config with 1 wells
18:51:54,858 GUI INFO Positions GUI: Successfully loaded 1 wells from Testing
18:51:55,584 GUI INFO Positions GUI: Create positions button clicked
18:51:55,585 GUI INFO Positions GUI: Selected configuration type: Testing
18:51:55,692 GUI INFO Positions created successfully: 57 positions
18:51:58,690 GUI INFO Filtered positions: 57 -> 57 (removed 0 positions from wells without groups)
18:51:58,692 GUI INFO Group assignments: {'A': 'Group 1'}
18:51:58,692 GUI INFO Fluidics well assignments: {'A': 'A'}
18:51:58,692 GUI INFO Selected channels: ['FarRed', 'DeepBlue', 'Green', 'Orange']
18:51:58,693 GUI INFO Channel exposure: {'FarRed': 500, 'DeepBlue': 500, 'Green': 500, 'Orange': 500}
18:51:58,694 GUI INFO Channel delay: {'FarRed': 0.0, 'DeepBlue': 0.0, 'Green': 0.0, 'Orange': 0.0}
18:51:58,694 GUI INFO Fluidics protocols: ['hybe', 'strip']
18:51:58,694 GUI INFO Number of hybes: 18
18:51:58,694 GUI INFO Position filtering: None
18:51:58,695 GUI INFO Preview focus: None
18:51:58,695 GUI INFO Acquisition focus: None
18:51:58,695 GUI INFO Autofocus method: None
18:51:58,696 GUI INFO Steps: {'start': 0.0, 'end': 0.0, 'dz': 0.0}
18:51:58,696 GUI INFO Configuration saved successfully!
18:51:58,735 GUI INFO Experiment setup completed successfully!
18:52:41,289 GUI INFO GUI: Resetting experiment...
18:52:41,329 GUI INFO Removed file: Experiment_state.json
18:52:41,330 GUI INFO Removed file: Positions.csv
18:52:41,330 GUI INFO Removed file: Experiment_tasks.csv
18:52:41,331 GUI INFO Removed file: Experiment_status.txt
18:52:41,331 GUI INFO Removed file: Scope_status.txt
18:52:41,332 GUI INFO Removed file: Fluidics_state.json
18:52:41,333 GUI INFO Removed file: Fluidics_task_idx.txt
18:52:41,333 GUI INFO Removed file: Fluidics_status.txt
18:52:41,337 GUI INFO All system files cleared and status reset to Idle
18:52:41,353 GUI INFO System variables cleared successfully
18:52:41,355 GUI INFO GUI reset to startup state
18:52:41,355 GUI INFO GUI: Experiment reset completed successfully
19:49:05,225 GUI INFO GUI: Starting experiment creation...
19:49:05,236 GUI INFO GUI: Experiment creation started - use experimental setup panel to continue
19:49:49,522 GUI INFO Selected save path: D:/Images
19:50:46,703 GUI INFO Experiment info saved: Cyan_Testing by Zach for project PyScope
19:50:46,722 GUI INFO Attempting to get available plate configs...
19:50:46,722 GUI INFO Found available configs: ['Testing', 'example', 'example_6']
19:54:25,271 GUI INFO Positions GUI: Configuration type changed to: 'Custom Grid'
19:54:33,532 GUI INFO Positions GUI: Configuration type changed to: 'Custom Grid'
19:54:51,80 GUI INFO Positions GUI: Configuration type changed to: 'Custom Grid'
19:56:24,966 GUI INFO Positions GUI: Configuration type changed to: 'Custom Manual'
20:00:05,326 GUI INFO Positions GUI: Configuration type changed to: 'Load Wells From File'
20:00:16,147 GUI INFO Selected file: C:/GitRepos/pyScope/State/PositionListA.pos
20:00:27,193 GUI INFO Selected file: C:/GitRepos/pyScope/State/PositionListA.pos
20:04:42,650 GUI INFO Positions GUI: Configuration type changed to: 'Load Positions From File'
20:04:58,568 GUI INFO Selected positions file: C:/GitRepos/pyScope/State/Positions.log
20:04:58,588 GUI WARNING Error reading positions file info: Error tokenizing data. C error: Expected 2 fields in line 3, saw 6

20:06:24,655 GUI INFO Positions GUI: Configuration type changed to: 'Custom Grid'
20:08:02,267 GUI DEBUG Generated 6 wells for Custom Grid
20:08:02,268 GUI DEBUG Generated well names: ['A1', 'A2', 'A3', 'B1', 'B2', 'B3']
20:08:02,269 GUI DEBUG Well A1: center={'X': 5000.0, 'Y': 117500.0, 'Z': 0.0}, shape=circle, dimensions={'radius': 1000.0}
20:08:02,272 GUI DEBUG Well A2: center={'X': 10000.0, 'Y': 117500.0, 'Z': 0.0}, shape=circle, dimensions={'radius': 1000.0}
20:08:02,273 GUI DEBUG Well A3: center={'X': 15000.0, 'Y': 117500.0, 'Z': 0.0}, shape=circle, dimensions={'radius': 1000.0}
20:08:02,274 GUI DEBUG Well B1: center={'X': 5000.0, 'Y': 122500.0, 'Z': 0.0}, shape=circle, dimensions={'radius': 1000.0}
20:08:02,275 GUI DEBUG Well B2: center={'X': 10000.0, 'Y': 122500.0, 'Z': 0.0}, shape=circle, dimensions={'radius': 1000.0}
20:08:02,276 GUI DEBUG Well B3: center={'X': 15000.0, 'Y': 122500.0, 'Z': 0.0}, shape=circle, dimensions={'radius': 1000.0}
20:08:11,732 GUI INFO Positions GUI: Create positions button clicked
20:08:11,733 GUI INFO Positions GUI: Selected configuration type: Custom Grid
20:08:11,740 GUI DEBUG Starting position creation for Custom Grid
20:08:11,741 GUI DEBUG Generated wells available: ['A1', 'A2', 'A3', 'B1', 'B2', 'B3']
20:08:11,742 GUI DEBUG Apply offset correction: True
20:08:11,742 GUI DEBUG Processing well: A1
20:08:11,743 GUI DEBUG Well A1 config: {'center': {'X': 5000.0, 'Y': 117500.0, 'Z': 0.0}, 'shape': 'circle', 'dimensions': {'radius': 1000.0}}
20:08:11,779 GUI DEBUG Well A1 added 0 positions
20:08:11,779 GUI DEBUG Processing well: A2
20:08:11,779 GUI DEBUG Well A2 config: {'center': {'X': 10000.0, 'Y': 117500.0, 'Z': 0.0}, 'shape': 'circle', 'dimensions': {'radius': 1000.0}}
20:08:11,792 GUI DEBUG Well A2 added 3 positions
20:08:11,792 GUI DEBUG Processing well: A3
20:08:11,792 GUI DEBUG Well A3 config: {'center': {'X': 15000.0, 'Y': 117500.0, 'Z': 0.0}, 'shape': 'circle', 'dimensions': {'radius': 1000.0}}
20:08:11,804 GUI DEBUG Well A3 added 3 positions
20:08:11,804 GUI DEBUG Processing well: B1
20:08:11,804 GUI DEBUG Well B1 config: {'center': {'X': 5000.0, 'Y': 122500.0, 'Z': 0.0}, 'shape': 'circle', 'dimensions': {'radius': 1000.0}}
20:08:11,817 GUI DEBUG Well B1 added 0 positions
20:08:11,817 GUI DEBUG Processing well: B2
20:08:11,817 GUI DEBUG Well B2 config: {'center': {'X': 10000.0, 'Y': 122500.0, 'Z': 0.0}, 'shape': 'circle', 'dimensions': {'radius': 1000.0}}
20:08:11,829 GUI DEBUG Well B2 added 3 positions
20:08:11,830 GUI DEBUG Processing well: B3
20:08:11,830 GUI DEBUG Well B3 config: {'center': {'X': 15000.0, 'Y': 122500.0, 'Z': 0.0}, 'shape': 'circle', 'dimensions': {'radius': 1000.0}}
20:08:11,843 GUI DEBUG Well B3 added 3 positions
20:08:11,843 GUI DEBUG Total wells added: 6
20:08:11,843 GUI DEBUG Total positions added: 12
20:08:11,843 GUI DEBUG Final positions DataFrame shape: (12, 5)
20:08:11,843 GUI DEBUG Position details:
20:08:11,844 GUI DEBUG Well A2: 3 positions
20:08:11,844 GUI DEBUG Well A2 position names: ['WellA2_Xi-1_Yi0', 'WellA2_Xi0_Yi0', 'WellA2_Xi1_Yi0']
20:08:11,844 GUI DEBUG Well A3: 3 positions
20:08:11,845 GUI DEBUG Well A3 position names: ['WellA3_Xi-1_Yi0', 'WellA3_Xi0_Yi0', 'WellA3_Xi1_Yi0']
20:08:11,845 GUI DEBUG Well B2: 3 positions
20:08:11,845 GUI DEBUG Well B2 position names: ['WellB2_Xi-1_Yi0', 'WellB2_Xi0_Yi0', 'WellB2_Xi1_Yi0']
20:08:11,846 GUI DEBUG Well B3: 3 positions
20:08:11,846 GUI DEBUG Well B3 position names: ['WellB3_Xi-1_Yi0', 'WellB3_Xi0_Yi0', 'WellB3_Xi1_Yi0']
20:08:11,848 GUI INFO Positions created successfully: 12 positions
20:08:18,629 GUI INFO GUI: Starting experiment creation...
20:08:18,789 GUI INFO GUI: Experiment creation started - use experimental setup panel to continue
20:08:36,527 GUI INFO Experiment info saved: Cyan_Testing by Zach for project PyScope
20:08:36,540 GUI INFO Attempting to get available plate configs...
20:08:36,540 GUI INFO Found available configs: ['Testing', 'example', 'example_6']
20:08:39,793 GUI INFO Positions GUI: Configuration type changed to: 'Custom Grid'
20:09:18,522 GUI DEBUG Generated 6 wells for Custom Grid
20:09:18,523 GUI DEBUG Generated well names: ['A1', 'A2', 'A3', 'B1', 'B2', 'B3']
20:09:18,524 GUI DEBUG Well A1: center={'X': 9000.0, 'Y': 119500.0, 'Z': 0.0}, shape=circle, dimensions={'radius': 500.0}
20:09:18,524 GUI DEBUG Well A2: center={'X': 10000.0, 'Y': 119500.0, 'Z': 0.0}, shape=circle, dimensions={'radius': 500.0}
20:09:18,525 GUI DEBUG Well A3: center={'X': 11000.0, 'Y': 119500.0, 'Z': 0.0}, shape=circle, dimensions={'radius': 500.0}
20:09:18,525 GUI DEBUG Well B1: center={'X': 9000.0, 'Y': 120500.0, 'Z': 0.0}, shape=circle, dimensions={'radius': 500.0}
20:09:18,526 GUI DEBUG Well B2: center={'X': 10000.0, 'Y': 120500.0, 'Z': 0.0}, shape=circle, dimensions={'radius': 500.0}
20:09:18,526 GUI DEBUG Well B3: center={'X': 11000.0, 'Y': 120500.0, 'Z': 0.0}, shape=circle, dimensions={'radius': 500.0}
20:09:20,553 GUI INFO Positions GUI: Create positions button clicked
20:09:20,553 GUI INFO Positions GUI: Selected configuration type: Custom Grid
20:09:20,556 GUI DEBUG Starting position creation for Custom Grid
20:09:20,556 GUI DEBUG Generated wells available: ['A1', 'A2', 'A3', 'B1', 'B2', 'B3']
20:09:20,556 GUI DEBUG Apply offset correction: True
20:09:20,557 GUI DEBUG Processing well: A1
20:09:20,557 GUI DEBUG Well A1 config: {'center': {'X': 9000.0, 'Y': 119500.0, 'Z': 0.0}, 'shape': 'circle', 'dimensions': {'radius': 500.0}}
20:09:20,568 GUI DEBUG Well A1 added 1 positions
20:09:20,568 GUI DEBUG Processing well: A2
20:09:20,569 GUI DEBUG Well A2 config: {'center': {'X': 10000.0, 'Y': 119500.0, 'Z': 0.0}, 'shape': 'circle', 'dimensions': {'radius': 500.0}}
20:09:20,578 GUI DEBUG Well A2 added 1 positions
20:09:20,578 GUI DEBUG Processing well: A3
20:09:20,578 GUI DEBUG Well A3 config: {'center': {'X': 11000.0, 'Y': 119500.0, 'Z': 0.0}, 'shape': 'circle', 'dimensions': {'radius': 500.0}}
20:09:20,587 GUI DEBUG Well A3 added 1 positions
20:09:20,587 GUI DEBUG Processing well: B1
20:09:20,587 GUI DEBUG Well B1 config: {'center': {'X': 9000.0, 'Y': 120500.0, 'Z': 0.0}, 'shape': 'circle', 'dimensions': {'radius': 500.0}}
20:09:20,597 GUI DEBUG Well B1 added 1 positions
20:09:20,597 GUI DEBUG Processing well: B2
20:09:20,597 GUI DEBUG Well B2 config: {'center': {'X': 10000.0, 'Y': 120500.0, 'Z': 0.0}, 'shape': 'circle', 'dimensions': {'radius': 500.0}}
20:09:20,607 GUI DEBUG Well B2 added 1 positions
20:09:20,607 GUI DEBUG Processing well: B3
20:09:20,607 GUI DEBUG Well B3 config: {'center': {'X': 11000.0, 'Y': 120500.0, 'Z': 0.0}, 'shape': 'circle', 'dimensions': {'radius': 500.0}}
20:09:20,617 GUI DEBUG Well B3 added 1 positions
20:09:20,617 GUI DEBUG Total wells added: 6
20:09:20,617 GUI DEBUG Total positions added: 6
20:09:20,617 GUI DEBUG Final positions DataFrame shape: (6, 5)
20:09:20,617 GUI DEBUG Position details:
20:09:20,618 GUI DEBUG Well A1: 1 positions
20:09:20,618 GUI DEBUG Well A1 position names: ['WellA1_Xi0_Yi0']
20:09:20,619 GUI DEBUG Well A2: 1 positions
20:09:20,619 GUI DEBUG Well A2 position names: ['WellA2_Xi0_Yi0']
20:09:20,619 GUI DEBUG Well A3: 1 positions
20:09:20,619 GUI DEBUG Well A3 position names: ['WellA3_Xi0_Yi0']
20:09:20,620 GUI DEBUG Well B1: 1 positions
20:09:20,620 GUI DEBUG Well B1 position names: ['WellB1_Xi0_Yi0']
20:09:20,620 GUI DEBUG Well B2: 1 positions
20:09:20,621 GUI DEBUG Well B2 position names: ['WellB2_Xi0_Yi0']
20:09:20,621 GUI DEBUG Well B3: 1 positions
20:09:20,621 GUI DEBUG Well B3 position names: ['WellB3_Xi0_Yi0']
20:09:20,622 GUI INFO Positions created successfully: 6 positions
20:15:22,690 GUI INFO Filtered positions: 6 -> 4 (removed 2 positions from wells without groups)
20:15:22,692 GUI INFO Group assignments: {'A1': 'Group 1', 'A2': 'Group 1', 'A3': 'Group 2', 'B1': 'Group 2', 'B2': 'None', 'B3': 'None'}
20:15:22,692 GUI INFO Fluidics well assignments: {'A1': 'A', 'A2': 'B', 'A3': 'C', 'B1': 'D', 'B2': 'E', 'B3': 'F'}
20:15:22,693 GUI INFO Selected channels: ['FarRed', 'DeepBlue', 'Green', 'Orange']
20:15:22,693 GUI INFO Channel exposure: {'FarRed': 500, 'DeepBlue': 500, 'Green': 500, 'Orange': 500}
20:15:22,693 GUI INFO Channel delay: {'FarRed': 0.0, 'DeepBlue': 0.0, 'Green': 0.0, 'Orange': 0.0}
20:15:22,693 GUI INFO Fluidics protocols: ['hybe', 'strip']
20:15:22,694 GUI INFO Number of hybes: 18
20:15:22,694 GUI INFO Position filtering: Draw
20:15:22,695 GUI INFO Preview focus: Manual Well
20:15:22,695 GUI INFO Acquisition focus: Plane
20:15:22,695 GUI INFO Autofocus method: Relative
20:15:22,695 GUI INFO Steps: {'start': 0.0, 'end': 0.0, 'dz': 0.0}
20:15:22,696 GUI INFO Configuration saved successfully!
20:15:22,749 GUI INFO Experiment setup completed successfully!
20:28:05,465 GUI INFO Fluidics launched
20:31:13,952 Gui INFO Checking Device Availability
20:31:13,971 Gui INFO Communicating with Device:Command:Valve*[A]*TBS+1
20:31:13,976 Gui INFO Checking if Device is Reponsive
20:31:14,669 Gui INFO Waiting Until Protocol is Complete
20:31:53,817 GUI INFO Fluidics: Fluidics paused - stored previous status: Running:Valve*[A]*TBS+1
20:31:53,826 GUI INFO Fluidics paused
20:32:25,958 Gui INFO Protocol is Complete
20:32:46,36 GUI INFO Fluidics: Fluidics resumed - restoring previous status: Running:Valve*[A]*TBS+1
20:32:46,41 GUI INFO Fluidics resumed
20:33:27,248 Gui INFO Checking Device Availability
20:33:27,256 Gui INFO Communicating with Device:Command:Valve*[A]*TBS+1
20:33:27,259 Gui INFO Checking if Device is Reponsive
20:33:27,638 Gui INFO Waiting Until Protocol is Complete
20:33:32,174 GUI INFO Fluidics: Fluidics paused - stored previous status: Running:Valve*[A]*TBS+1
20:33:32,183 GUI INFO Fluidics paused
20:33:52,236 GUI INFO Fluidics: Fluidics resumed - restoring previous status: Running:Valve*[A]*TBS+1
20:33:52,240 GUI INFO Fluidics resumed
20:34:38,844 Gui INFO Protocol is Complete
20:43:49,917 GUI INFO Scope launched
20:43:55,125 GUI INFO Experiment launched
20:44:43,528 GUI INFO Scope killed
20:45:35,366 GUI INFO Fluidics killed
20:45:36,256 GUI INFO Experiment killed
20:49:52,554 GUI INFO Scope launched
20:50:05,543 GUI INFO Fluidics launched
20:50:07,716 GUI INFO Experiment launched
10:35:53,415 GUI INFO Fluidics killed
10:35:54,450 GUI INFO Scope killed
10:35:54,478 GUI INFO Scope launched
10:35:57,587 GUI INFO Scope killed
10:35:59,512 GUI INFO Experiment killed
10:35:59,999 GUI INFO Fluidics launched
10:36:11,747 Gui INFO Checking Device Availability
10:36:25,279 GUI INFO Fluidics killed
10:36:26,512 GUI INFO Fluidics launched
10:36:31,470 Gui INFO Checking Device Availability
10:37:05,326 Gui INFO Checking Device Availability
10:38:47,634 Gui INFO Communicating with Device:Command:Valve*[A]*TBS+1
10:38:47,637 Gui INFO Checking if Device is Reponsive
10:38:48,645 Gui INFO Waiting Until Protocol is Complete
10:39:59,901 Gui INFO Protocol is Complete
